	run	biosample	breed	country	direction
0	ERZ1738264	SAMEA4051548	belted	SC	WHOLE
1	ERZ1738264	SAMEA4051550	belted	SC	WHOLE
2	ERR1742678	SAMEA4560529	crossbred	mix	Unspecified: Doesn't conform to standard
3	ERR1742679	SAMEA4560530	crossbred	mix	Unspecified: Doesn't conform to standard
4	ERR1742680	SAMEA4560531	Angus	SC	WHOLE
5	ERR1742681	SAMEA4560532	crossbred	mix	Unspecified: Doesn't conform to standard
6	ERR1742682	SAMEA4560533	Holstein x Simmental	AM	WHOLE
7	ERR1742683	SAMEA4560534	Simmental	SW	W
8	ERR1742684	SAMEA4560535	Angus	SC	WHOLE
9	ERR1742685	SAMEA4560536	Holstein x Simmental	AM	WHOLE
10	ERR1742686	SAMEA4560537	Holstein x Simmental	AM	WHOLE
11	ERR1742687	SAMEA4560538	Eringer	SW	S
12	ERR1742688	SAMEA4560539	Holstein x Simmental	AM	WHOLE
13	ERR1742689	SAMEA4560540	Holstein	AM	WHOLE
14	ERR1742690	SAMEA4560541	Brown Swiss	SW	E
15	ERR1742691	SAMEA4560542	Holstein x Simmental	AM	WHOLE
16	ERR1742692	SAMEA4560543	Holstein	AM	WHOLE
17	ERR1746308	SAMEA19309168	Simmental - female	SW	W
18	ERR1746309	SAMEA19309918	Simmental - female	SW	W
19	ERR1746310	SAMEA19310668	Simmental - male	SW	W
20	ERR1746311	SAMEA19311418	Holstein - female	AM	WHOLE
21	ERR1746312	SAMEA19312168	Holstein - male	AM	WHOLE
22	ERR1746313	SAMEA19312918	Brown Swiss - female	SW	E
23	ERR1746314	SAMEA19313668	Brown Swiss - female	SW	E
24	ERR1746315	SAMEA19314418	Brown Swiss - female	SW	E
25	ERR1746316	SAMEA19315168	Brown Swiss - female	SW	E
26	ERR1746317	SAMEA19316668	Holstein - female	AM	WHOLE
27	ERR1746318	SAMEA19317418	Holstein - male	AM	WHOLE
28	ERR1746319	SAMEA19318168	Holstein - female	AM	WHOLE
29	ERR1746320	SAMEA19318918	Brown Swiss - male	SW	E
30	ERR1746321	SAMEA19319668	Brown Swiss - male	SW	E
31	ERR1746322	SAMEA19320418	Holstein - female	AM	WHOLE
32	ERR1746323	SAMEA19321168	Holstein	AM	WHOLE
33	ERR1746324	SAMEA19321918	Holstein - female	AM	WHOLE
34	ERR1746325	SAMEA19322668	Holstein - male	AM	WHOLE
35	ERR1746326	SAMEA19323418	Brown Swiss - female	SW	E
36	ERR1746327	SAMEA19324918	Piemontese - female	IT	NW
37	ERR1746328	SAMEA19325668	Holstein - female	AM	WHOLE
38	ERR1746329	SAMEA19326418	Holstein - male	AM	WHOLE
39	ERR1746330	SAMEA19327168	Holstein - male	AM	WHOLE
40	ERR1746331	SAMEA19327918	Holstein - male	AM	WHOLE
41	ERR1746332	SAMEA19328668	Holstein - male	AM	WHOLE
42	ERR1746333	SAMEA19329418	Holstein - male	AM	WHOLE
43	ERR1746334	SAMEA19330168	Angler - male	DE/DU	N
44	ERR1746335	SAMEA19330918	Angler - male	DE/DU	N
45	ERR1746336	SAMEA19331668	Angler - male	DE/DU	N
46	ERR1746337	SAMEA19332418	Angler - male	DE/DU	N
47	ERR1746338	SAMEA19333168	Angler - male	DE/DU	N
48	ERR1747022	SAMEA19846918	Holstein - female	AM	WHOLE
49	ERR1747023	SAMEA19847668	Brown Swiss - female	SW	E
50	ERR1747024	SAMEA19849168	Eringer - female	SW	S
51	ERR1747025	SAMEA19849918	Scotish Highland Cattle - female	SC	WHOLE
52	ERR1747026	SAMEA19850668	Brown Swiss - female	SW	E
53	ERR1747027	SAMEA19851418	Holstein - female	AM	WHOLE
54	ERR1747028	SAMEA19852168	Simmental - female	SW	W
55	ERR1747029	SAMEA19852918	Simmental - female	SW	W
56	ERR1747030	SAMEA19853668	Simmental - female	SW	W
57	ERR1747031	SAMEA19864168	Holstein - female	AM	WHOLE
58	ERR1747032	SAMEA19864918	Brown Swiss - female	SW	E
59	ERR1747033	SAMEA19865668	Holstein - female	AM	WHOLE
60	ERR1747034	SAMEA19866418	Limousin x Holstein - female	FRxAM	mixed
61	ERR1747035	SAMEA19867168	Holstein - female	AM	WHOLE
62	ERR1747036	SAMEA19867918	Limousin - male	FR	CS
63	ERR1747037	SAMEA19868668	Simmental	SW	W
64	ERR1747038	SAMEA19869418	Simmental - female	SW	W
65	ERR1747039	SAMEA19870168	Simmental - male	SW	W
66	ERR1747040	SAMEA19871668	Holstein	AM	WHOLE
67	ERR1747041	SAMEA19872418	Piemontese x Normande	IT	NW
68	ERR1747042	SAMEA19873168	Holstein x Simmental - female	AM	WHOLE
69	ERR1747043	SAMEA19873918	Scotish Highland Cattle - female	SC	WHOLE
70	ERR1747044	SAMEA19874668	Holstein	AM	WHOLE
71	ERR1747045	SAMEA19875418	Simmental	SW	W
72	ERR1747046	SAMEA19876168	Romagnola - female	IT	N
73	ERR1747047	SAMEA19876918	Holstein - female	AM	WHOLE
74	ERR1747048	SAMEA19877668	Simmental	SW	W
75	ERR1766308	SAMEA32979418	Holstein x Simmental - female	AM	WHOLE
76	ERR1766310	SAMEA32980918	Brown Swiss - male	SW	E
77	ERR1766311	SAMEA32981668	Brown Swiss - female	SW	E
78	ERR1766312	SAMEA32982418	Brown Swiss - female	SW	E
79	ERR1766313	SAMEA32983168	Holstein - female	AM	WHOLE
80	ERR1766314	SAMEA32983918	Holstein - male	AM	WHOLE
81	ERR1766315	SAMEA32984668	Holstein	AM	WHOLE
82	ERR1766316	SAMEA32985418	Limousin - male	FR	CS
83	ERR1766317	SAMEA32986918	Holstein	AM	WHOLE
84	ERR1766318	SAMEA32987668	Romagnola - female	IT	N
85	ERR1766319	SAMEA32988418	Romagnola	IT	N
86	ERR1766320	SAMEA32989168	Romagnola - male	IT	N
87	ERR1766321	SAMEA32989918	Cika - male	SL	WHOLE
88	ERR1766322	SAMEA32990668	Holstein - female	AM	WHOLE
89	ERR1766323	SAMEA32991418	Holstein - male	AM	WHOLE
90	ERR1766324	SAMEA32992168	Holstein - female	AM	WHOLE
91	ERR1766325	SAMEA32992918	Limousin x Brown Swiss - female	FRxSW	mixed
92	ERR1766446	SAMEA32995168	Holstein	AM	WHOLE
93	ERR1766447	SAMEA32995918	Holstein - male	AM	WHOLE
94	ERR1766448	SAMEA32996668	Holstein - female	AM	WHOLE
95	ERR1766449	SAMEA32997418	Brown Swiss - female	SW	E
96	ERR1766450	SAMEA32998168	Chianina	IT	N
97	ERR1766451	SAMEA32998918	Holstein	AM	WHOLE
98	ERR1766452	SAMEA32999668	Chianina - male	IT	N
99	ERR1766453	SAMEA33000418	Holstein - female	AM	WHOLE
100	ERR1766454	SAMEA33001168	Normande - female	FR	NW
101	ERR1766455	SAMEA33001918	Piemontese - male	IT	NW
102	ERR1772195	SAMEA38972668	Hinterwalder	DU	S
103	ERR1772196	SAMEA38973418	Hinterwalder	DU	S
104	ERR1772197	SAMEA38974168	Vorderwalder	DU	SW
105	ERR1772198	SAMEA38974918	Hinterwalder	DU	S
106	ERR1772199	SAMEA38975668	Vorderwalder	DU	SW
107	ERR1792651	SAMEA47262418	Vorderwalder	DU	SW
108	ERR2561386	SAMEA4644726	Holstein - male	AM	WHOLE
109	ERR2561387	SAMEA4644727	Brown Swiss - female	SW	E
110	ERR2561388	SAMEA4644728	Brown Swiss - female	SW	E
111	ERR2561389	SAMEA4644729	Holstein - female	AM	WHOLE
112	ERR2561390	SAMEA4644730	Original Braunvieh - male	SW	C
113	ERR2561391	SAMEA4644731	Holstein - female	AM	WHOLE
114	ERR2561392	SAMEA4644732	Holstein - female	AM	WHOLE
115	ERR2561393	SAMEA4644733	Holstein - female	AM	WHOLE
116	ERR2561394	SAMEA4644734	Original Braunvieh - female	SW	C
117	ERR2561395	SAMEA4644735	Brown Swiss - male	SW	E
118	ERR2561396	SAMEA4644736	Holstein - male	AM	WHOLE
119	ERR2561397	SAMEA4644737	Holstein - female	AM	WHOLE
120	ERR2561398	SAMEA4644738	Holstein - male	AM	WHOLE
121	ERR2561399	SAMEA4644739	Brown Swiss - female	SW	E
122	ERR2561400	SAMEA4644740	Original Braunvieh - male	SW	C
123	ERR2561401	SAMEA4644741	Original Braunvieh - male	SW	C
124	ERR2561402	SAMEA4644742	Brown Swiss - male	SW	E
125	ERR2561403	SAMEA4644743	Brown Swiss - male	SW	E
126	ERR2561404	SAMEA4644744	Simmental - male	SW	W
127	ERR2561405	SAMEA4644745	Simmental - male	SW	W
128	ERR2561406	SAMEA4644746	Holstein - male	AM	WHOLE
129	ERR2561407	SAMEA4644747	Holstein - male	AM	WHOLE
130	ERR2561408	SAMEA4644748	Holstein - male	AM	WHOLE
131	ERR2561409	SAMEA4644749	Original Braunvieh - female	SW	C
132	ERR2561410	SAMEA4644750	Original Braunvieh - female	SW	C
133	ERR2561411	SAMEA4644751	Holstein - female	AM	WHOLE
134	ERR2561412	SAMEA4644752	Shorthorn - female	UK	NE
135	ERR2561413	SAMEA4644753	Holstein - male	AM	WHOLE
136	ERR2561414	SAMEA4644754	Brown Swiss - female	SW	E
137	ERR2561415	SAMEA4644755	Brown Swiss - female	SW	E
138	ERR2561416	SAMEA4644756	Brown Swiss - male	SW	E
139	ERR2561417	SAMEA4644757	Brown Swiss - male	SW	E
140	ERR2561418	SAMEA4644758	Brown Swiss - female	SW	E
141	ERR2561419	SAMEA4644759	Holstein - female	AM	WHOLE
142	ERR2561420	SAMEA4644760	Holstein - female	AM	WHOLE
143	ERR2561421	SAMEA4644761	Holstein - male	AM	WHOLE
144	ERR2561422	SAMEA4644762	Brown Swiss - female	SW	E
145	ERR2561423	SAMEA4644763	Brown Swiss - female	SW	E
146	ERR2561424	SAMEA4644764	Original Braunvieh - female	SW	C
147	ERR2561425	SAMEA4644765	Brown Swiss - female	SW	E
148	ERR2561426	SAMEA4644766	Brown Swiss - female	SW	E
149	ERR2561427	SAMEA4644767	Holstein - female	AM	WHOLE
150	ERR2561428	SAMEA4644768	Original Braunvieh - female	SW	C
151	ERR2561429	SAMEA4644769	Brown Swiss - female	SW	E
152	ERZ1738264	SAMEA4827645	key animals from the Original Braunvieh cattle breed	SW	C
153	ERZ1738264	SAMEA4827646	key animals from the Original Braunvieh cattle breed	SW	C
154	ERZ1738264	SAMEA4827647	key animals from the Original Braunvieh cattle breed	SW	C
155	ERZ1738264	SAMEA4827648	key animals from the Original Braunvieh cattle breed	SW	C
156	ERZ1738264	SAMEA4827649	key animals from the Original Braunvieh cattle breed	SW	C
157	ERZ1738264	SAMEA4827650	key animals from the Original Braunvieh cattle breed	SW	C
158	ERZ1738264	SAMEA4827651	key animals from the Original Braunvieh cattle breed	SW	C
159	ERZ1738264	SAMEA4827652	key animals from the Original Braunvieh cattle breed	SW	C
160	ERZ1738264	SAMEA4827653	key animals from the Original Braunvieh cattle breed	SW	C
161	ERZ1738264	SAMEA4827654	key animals from the Original Braunvieh cattle breed	SW	C
162	ERZ1738264	SAMEA4827655	key animals from the Original Braunvieh cattle breed	SW	C
163	ERZ1738264	SAMEA4827656	key animals from the Original Braunvieh cattle breed	SW	C
164	ERZ1738264	SAMEA4827657	key animals from the Original Braunvieh cattle breed	SW	C
165	ERZ1738264	SAMEA4827658	key animals from the Original Braunvieh cattle breed	SW	C
166	ERZ1738264	SAMEA4827659	key animals from the Original Braunvieh cattle breed	SW	C
167	ERZ1738264	SAMEA4827660	key animals from the Original Braunvieh cattle breed	SW	C
168	ERZ1738264	SAMEA4827661	key animals from the Original Braunvieh cattle breed	SW	C
169	ERZ1738264	SAMEA4827662	key animals from the Original Braunvieh cattle breed	SW	C
170	ERZ1738264	SAMEA4827663	key animals from the Original Braunvieh cattle breed	SW	C
171	ERZ1738264	SAMEA4827664	key animals from the Original Braunvieh cattle breed	SW	C
172	ERZ1738264	SAMEA4827665	key animals from the Original Braunvieh cattle breed	SW	C
173	ERZ1738264	SAMEA4827666	key animals from the Original Braunvieh cattle breed	SW	C
174	ERZ1738264	SAMEA4827667	key animals from the Original Braunvieh cattle breed	SW	C
175	ERZ1738264	SAMEA4827668	key animals from the Original Braunvieh cattle breed	SW	C
176	ERZ1738264	SAMEA4827669	key animals from the Original Braunvieh cattle breed	SW	C
177	ERZ1738264	SAMEA4827670	key animals from the Original Braunvieh cattle breed	SW	C
178	ERZ1738264	SAMEA4827671	key animals from the Original Braunvieh cattle breed	SW	C
179	ERZ1738264	SAMEA4827672	key animals from the Original Braunvieh cattle breed	SW	C
180	ERZ1738264	SAMEA4827673	key animals from the Original Braunvieh cattle breed	SW	C
181	ERZ1738264	SAMEA4827674	key animals from the Original Braunvieh cattle breed	SW	C
182	ERZ1738264	SAMEA5059741	Sequencing of Original Braunvieh animals	SW	C
183	ERZ1738264	SAMEA5059742	Sequencing of Original Braunvieh animals	SW	C
184	ERZ1738264	SAMEA5059743	Sequencing of Original Braunvieh animals	SW	C
185	ERZ1738264	SAMEA5059744	Sequencing of Original Braunvieh animals	SW	C
186	ERZ1738264	SAMEA5059745	Sequencing of Original Braunvieh animals	SW	C
187	ERZ1738264	SAMEA5059746	Sequencing of Original Braunvieh animals	SW	C
188	ERZ1738264	SAMEA5059747	Sequencing of Original Braunvieh animals	SW	C
189	ERZ1738264	SAMEA5059748	Sequencing of Original Braunvieh animals	SW	C
190	ERZ1738264	SAMEA5059749	Sequencing of Original Braunvieh animals	SW	C
191	ERZ1738264	SAMEA5059750	Sequencing of Original Braunvieh animals	SW	C
192	ERZ1738264	SAMEA5059751	Sequencing of Original Braunvieh animals	SW	C
193	ERZ1738264	SAMEA5059752	Sequencing of Original Braunvieh animals	SW	C
194	ERZ1738264	SAMEA5059753	Sequencing of Original Braunvieh animals	SW	C
195	ERZ1738264	SAMEA5059754	Sequencing of Original Braunvieh animals	SW	C
196	ERZ1738264	SAMEA5059755	Sequencing of Original Braunvieh animals	SW	C
197	ERZ1738264	SAMEA5059756	Sequencing of Original Braunvieh animals	SW	C
198	ERZ1738264	SAMEA5059757	Sequencing of Original Braunvieh animals	SW	C
199	ERZ1738264	SAMEA5059758	Sequencing of Original Braunvieh animals	SW	C
200	ERZ1738264	SAMEA5059759	Sequencing of Original Braunvieh animals	SW	C
201	ERR2985346	SAMEA5159760	Simmental - male	SW	W
202	ERR2985347	SAMEA5159761	Brown Swiss - male	SW	E
203	ERR2985348	SAMEA5159762	Simmental x Holstein - female	SW	W
204	ERR2985349	SAMEA5159763	Limousin - female	FR	CS
205	ERR2985350	SAMEA5159764	Simmental x Holstein - male	SW	W
206	ERR2985351	SAMEA5159765	Simmental - male	SW	W
207	ERR2985352	SAMEA5159766	Simmental - male	SW	W
208	ERR2985353	SAMEA5159767	Original Braunvieh - male	SW	C
209	ERR2985354	SAMEA5159768	Original Braunvieh - male	SW	C
210	ERR2985355	SAMEA5159769	Brown Swiss- male	SW	E
211	ERR2985356	SAMEA5159770	Brown Swiss - male	SW	E
212	ERR2985357	SAMEA5159771	Brown Swiss - male	SW	E
213	ERR2985358	SAMEA5159772	Brown Swiss - male	SW	E
214	ERR2985359	SAMEA5159773	Brown Swiss - male	SW	E
215	ERR2985360	SAMEA5159774	Brown Swiss - male	SW	E
216	ERR2985361	SAMEA5159775	Brown Swiss - male	SW	E
217	ERR2985362	SAMEA5159776	Original Braunvieh - male	SW	C
218	ERR2985363	SAMEA5159777	Brown Swiss - male	SW	E
219	ERR2985364	SAMEA5159778	Brown Swiss - male	SW	E
220	ERR2985365	SAMEA5159779	Brown Swiss - male	SW	E
221	ERR2985366	SAMEA5159780	Brown Swiss - male	SW	E
222	ERR2985367	SAMEA5159781	Brown Swiss - male	SW	E
223	ERR2985368	SAMEA5159782	Brown Swiss - male	SW	E
224	ERR2985369	SAMEA5159783	Brown Swiss - male	SW	E
225	ERR2985370	SAMEA5159784	Brown Swiss - male	SW	E
226	ERR2985371	SAMEA5159785	Brown Swiss - male	SW	E
227	ERR2985372	SAMEA5159786	Brown Swiss- male	SW	E
228	ERR2985373	SAMEA5159787	Brown Swiss - male	SW	E
229	ERR2985374	SAMEA5159788	Brown Swiss - male	SW	E
230	ERR2985375	SAMEA5159789	Original Braunvieh - male	SW	C
231	ERR2985376	SAMEA5159790	Original Braunvieh - male	SW	C
232	ERR2985377	SAMEA5159791	Brown Swiss - male	SW	E
233	ERR2985378	SAMEA5159792	Brown Swiss- male	SW	E
234	ERR2985379	SAMEA5159793	Brown Swiss - male	SW	E
235	ERR2985380	SAMEA5159794	Original Braunvieh - male	SW	C
236	ERR2985381	SAMEA5159795	Original Braunvieh - male	SW	C
237	ERR2985382	SAMEA5159796	Original Braunvieh - male	SW	C
238	ERR2985383	SAMEA5159797	Brown Swiss - male	SW	E
239	ERR2985384	SAMEA5159798	Brown Swiss - male	SW	E
240	ERR2985385	SAMEA5159799	Brown Swiss - male	SW	E
241	ERR2985386	SAMEA5159800	Simmental - male	SW	W
242	ERR2985387	SAMEA5159801	Simmental - male	SW	W
243	ERR2985388	SAMEA5159802	Holstein - male	AM	WHOLE
244	ERR2985389	SAMEA5159803	Simmental - male	SW	W
245	ERR2985390	SAMEA5159804	Holstein - male	AM	WHOLE
246	ERR2985391	SAMEA5159805	Simmental - male	SW	W
247	ERR2985392	SAMEA5159806	Simmental - male	SW	W
248	ERR2985393	SAMEA5159807	Simmental - male	SW	W
249	ERR2985394	SAMEA5159808	Holstein - male	AM	WHOLE
250	ERR2985395	SAMEA5159809	Holstein - male	AM	WHOLE
251	ERR2985396	SAMEA5159810	Holstein - male	AM	WHOLE
252	ERR2985397	SAMEA5159811	Simmental - male	SW	W
253	ERR2985398	SAMEA5159812	Simmental - male	SW	W
254	ERR2985399	SAMEA5159813	Holstein - male	AM	WHOLE
255	ERR2985400	SAMEA5159814	Holstein - male	AM	WHOLE
256	ERR2985401	SAMEA5159815	Holstein - male	AM	WHOLE
257	ERR2985402	SAMEA5159816	Holstein - male	AM	WHOLE
258	ERR2985403	SAMEA5159817	Holstein - male	AM	WHOLE
259	ERR2985404	SAMEA5159818	Holstein - male	AM	WHOLE
260	ERR2985405	SAMEA5159819	Holstein - male	AM	WHOLE
261	ERR2985406	SAMEA5159820	Holstein - male	AM	WHOLE
262	ERR2985407	SAMEA5159821	Holstein - male	AM	WHOLE
263	ERR2985408	SAMEA5159822	Holstein - male	AM	WHOLE
264	ERR2985409	SAMEA5159823	Simmental - male	SW	W
265	ERR2985410	SAMEA5159824	Simmental - male	SW	W
266	ERR2985411	SAMEA5159825	Simmental - male	SW	W
267	ERR2985412	SAMEA5159826	Holstein - male	AM	WHOLE
268	ERR2985413	SAMEA5159827	Simmental - male	SW	W
269	ERR2985414	SAMEA5159828	Holstein - male	AM	WHOLE
270	ERR2985415	SAMEA5159829	Scotish Highland - male	SC	WHOLE
271	ERR2985416	SAMEA5159830	Scotish Highland - female	SC	WHOLE
272	ERR2985417	SAMEA5159831	Scotish Highland - female	SC	WHOLE
273	ERR2985418	SAMEA5159832	Holstein - male	AM	WHOLE
274	ERR2985419	SAMEA5159833	Holstein - male	AM	WHOLE
275	ERR2985420	SAMEA5159834	Holstein - female	AM	WHOLE
276	ERR2985421	SAMEA5159835	Chianina-female	IT	N
277	ERR2985422	SAMEA5159836	Piemontese - female	IT	NW
278	ERR2985423	SAMEA5159837	Original Braunvieh - male	SW	C
279	ERR2985424	SAMEA5159839	Holstein - female	AM	WHOLE
280	ERR2985425	SAMEA5159840	Holstein - female	AM	WHOLE
281	ERR2985426	SAMEA5159841	Holstein - male	AM	WHOLE
282	ERR2985427	SAMEA5159842	Holstein - male	AM	WHOLE
283	ERR2985428	SAMEA5159843	Original Braunvieh - male	SW	C
284	ERR2985429	SAMEA5159844	Holstein-female	AM	WHOLE
285	ERR2985430	SAMEA5159845	Pinzgauer - male	AU	CW
286	ERR2985432	SAMEA5159847	Brown Swiss - male	SW	E
287	ERR2985433	SAMEA5159848	Original Braunvieh - male	SW	C
288	ERR2985434	SAMEA5159849	Original Braunvieh - male	SW	C
289	ERR2985435	SAMEA5159850	Original Braunvieh - male	SW	C
290	ERR2985438	SAMEA5159851	Australian Lowline - female	AS	WHOLE
291	ERR2985439	SAMEA5159853	Brown Swiss - female	SW	E
292	ERR2985440	SAMEA5159854	Holstein -female	AM	WHOLE
293	ERR2985441	SAMEA5159855	Holstein - male	AM	WHOLE
294	ERR2985443	SAMEA5159856	Holstein - female	AM	WHOLE
295	ERR2985442	SAMEA5159857	Holstein - male	AM	WHOLE
296	ERR2985444	SAMEA5159858	Holstein- female	AM	WHOLE
297	ERR2985445	SAMEA5159859	Holstein - female	AM	WHOLE
298	ERR2985446	SAMEA5159860	Holstein - male	AM	WHOLE
299	ERR2985447	SAMEA5159861	Brown Swiss - male	SW	E
300	ERR2985448	SAMEA5159862	Brown Swiss - male	SW	E
301	ERR2985449	SAMEA5159863	Brown Swiss - male	SW	E
302	ERR2985450	SAMEA5159864	Brown Swiss - male	SW	E
303	ERR2985451	SAMEA5159865	Brown Swiss - male	SW	E
304	ERR2985452	SAMEA5159866	Brown Swiss - male	SW	E
305	ERR2985453	SAMEA5159867	Brown Swiss - male	SW	E
306	ERR2985454	SAMEA5159868	Brown Swiss - male	SW	E
307	ERR2985455	SAMEA5159869	Brown Swiss - male	SW	E
308	ERR2985456	SAMEA5159870	Brown Swiss - male	SW	E
309	ERR2985457	SAMEA5159871	Brown Swiss- male	SW	E
310	ERR2985458	SAMEA5159872	Brown Swiss - male	SW	E
311	ERR2985459	SAMEA5159873	Brown Swiss - male	SW	E
312	ERR2985460	SAMEA5159874	Brown Swiss - male	SW	E
313	ERR2985461	SAMEA5159875	Brown Swiss - male	SW	E
314	ERR2985462	SAMEA5159876	Simmental - male	SW	W
315	ERR2985463	SAMEA5159877	Simmental - male	SW	W
316	ERR2985464	SAMEA5159878	Holstein - male	AM	WHOLE
317	ERR2985465	SAMEA5159879	Holstein - male	AM	WHOLE
318	ERR2985466	SAMEA5159880	Holstein - male	AM	WHOLE
319	ERR2985467	SAMEA5159881	Holstein - male	AM	WHOLE
320	ERR2985468	SAMEA5159882	Holstein - male	AM	WHOLE
321	ERR2985469	SAMEA5159883	Holstein - male	AM	WHOLE
322	ERR2985470	SAMEA5159884	Holstein - male	AM	WHOLE
323	ERR2985471	SAMEA5159885	Brown Swiss - male	SW	E
324	ERR2985472	SAMEA5159886	Original Braunvieh - female	SW	C
325	ERR2985473	SAMEA5159887	Tyrolean Grey - male	AU	W
326	ERR2985474	SAMEA5159888	Tyrolean Grey - female	AU	W
327	ERR2985475	SAMEA5159889	Tyrolean Grey - female	AU	W
328	ERR2985436	SAMEA5159890	Holstein - male	AM	WHOLE
329	ERR2985437	SAMEA5160021	Holstein - male	AM	WHOLE
330	ERR2985476	SAMEA5160152	Holstein	AM	WHOLE
331	ERR2985477	SAMEA5160153	Simmental	SW	W
332	ERR3212413	SAMEA5415483	Holstein - male	AM	WHOLE
333	ERR3212414	SAMEA5415484	Holstein - male	AM	WHOLE
334	ERR3212415	SAMEA5415485	Brown Swiss - female	SW	E
335	ERR3212416	SAMEA5415486	Brown Swiss - female	SW	E
336	ERR3212417	SAMEA5415487	Simmental - male	SW	W
337	ERR3212418	SAMEA5415488	Brown Swiss - female	SW	E
338	ERR3212419	SAMEA5415489	Brown Swiss - female	SW	E
339	ERR3212420	SAMEA5415490	Brown Swiss - male	SW	E
340	ERR3212421	SAMEA5415491	Belgium Blue - male	BE	WHOLE
341	ERR3212422	SAMEA5415492	Holstein - female	AM	WHOLE
342	ERR3212423	SAMEA5415493	Belgium Blue x Holstein- male	BExAM	mixed
343	ERR3212424	SAMEA5415494	Holstein - female	AM	WHOLE
344	ERR3212425	SAMEA5415495	Belgium Blue x Holstein - male	BExAM	mixed
345	ERR3212426	SAMEA5415496	Holstein - female	AM	WHOLE
346	ERR3212427	SAMEA5415497	Belgium Blue x Holstein - male	BExAM	mixed
347	ERR3212428	SAMEA5415498	Brown Swiss - male	SW	E
348	ERR3212429	SAMEA5415499	Simmental - male	SW	W
349	ERR3212430	SAMEA5415500	Holstein - male	AM	WHOLE
350	ERR3212431	SAMEA5415501	Holstein - male	AM	WHOLE
351	ERR3212432	SAMEA5415502	Holstein - male	AM	WHOLE
352	ERR3212433	SAMEA5415503	Holstein - female	AM	WHOLE
353	ERR3278188	SAMEA5564710	Simmental - male	SW	W
354	ERR3278189	SAMEA5564711	Simmental - male	SW	W
355	ERR3278190	SAMEA5564712	Simmental - male	SW	W
356	ERR3278191	SAMEA5564713	Simmental - male	SW	W
357	ERR3278192	SAMEA5564714	Simmental - male	SW	W
358	ERR3278193	SAMEA5564715	Simmental - male	SW	W
359	ERR3278194	SAMEA5564716	Brown Swiss - female	SW	E
360	ERR3278195	SAMEA5564717	Simmental - female	SW	W
361	ERR3278196	SAMEA5564718	Simmental - female	SW	W
362	ERR3278197	SAMEA5564719	Simmental - female	SW	W
363	ERR3278198	SAMEA5564720	Simmental - female	SW	W
364	ERR3278199	SAMEA5564721	Simmental - male	SW	W
365	ERR3278200	SAMEA5564722	Simmental -female	SW	W
366	ERR3278201	SAMEA5564723	Simmental - male	SW	W
367	ERR3278202	SAMEA5564724	Simmental - male	SW	W
368	ERR3278203	SAMEA5564725	Simmental - male	SW	W
369	ERR3278204	SAMEA5564726	Original Braunvieh - female	SW	C
370	ERR3278205	SAMEA5564727	Original Braunvieh - female	SW	C
371	ERR3278206	SAMEA5564728	Original Braunvieh - female	SW	C
372	ERR3278207	SAMEA5564729	Tyrolean Grey Cattle - male	AU	W
373	ERR3278208	SAMEA5564730	Tyrolean Grey Cattle - male	AU	W
374	ERR3278209	SAMEA5564731	Tyrolean Grey Cattle - male	AU	W
375	ERR3278210	SAMEA5564732	Tyrolean Grey Cattle - male	AU	W
376	ERR3278211	SAMEA5564733	Tyrolean Grey Cattle - male	AU	W
377	ERR3278212	SAMEA5564734	Tyrolean Grey Cattle - male	AU	W
378	ERR3278213	SAMEA5564735	Tyrolean Grey Cattle - male	AU	W
379	ERR3278214	SAMEA5564736	Tyrolean Grey Cattle - male	AU	W
380	ERR3278215	SAMEA5564737	Tyrolean Grey Cattle - male	AU	W
381	ERR3279807	SAMEA5566449	Simmental - female	SW	W
382	ERR3374907	SAMEA5714967	Eringer - female	SW	S
383	ERR3374908	SAMEA5714968	Evolne - female	SW	SW
384	ERR3374909	SAMEA5714969	Evolne - female	SW	SW
385	ERR3374910	SAMEA5714970	Scotish Highland Cattle - female	SC	WHOLE
386	ERR3374911	SAMEA5714971	Brown Swiss - female	SW	E
387	ERR3374912	SAMEA5714972	Original Braunvieh - male	SW	C
388	ERR3374913	SAMEA5714973	Angus x Simmental - male	SCxSW	W
389	ERR3374914	SAMEA5714974	Original Braunvieh - female	SW	C
390	ERR3374915	SAMEA5714975	Original Braunvieh - male	SW	C
391	ERR3374916	SAMEA5714976	Brown Swiss - female	SW	E
392	ERR3374917	SAMEA5714977	Holstein	AM	WHOLE
393	ERR3374918	SAMEA5714978	Holstein	AM	WHOLE
394	ERR3374919	SAMEA5714979	Brown Swiss - female	SW	E
395	ERR3374920	SAMEA5714980	Tyrolean Grey Cattle - male	AU	W
396	ERR3374921	SAMEA5714981	Tyrolean Grey Cattle - male	AU	W
397	ERR3376618	SAMEA5716181	Tyrolean Grey Cattle - male	AU	W
398	ERZ1738264	SAMEA5577008	Modern Sikias bos taurus.	EU	WHOLE
399	ERZ1738264	SAMEA5577009	Modern Lagune bos taurus.	AF	W
400	ERZ1738264	SAMEA5577012	Modern Wgyu bos taurus.	JP	WHOLE
401	ERZ1738264	SAMEA5577149	Modern Hariana bos indicus.	IN	N
402	ERZ1738264	SAMEA5577150	Modern Scottish Highland bos taurus.	SC	WHOLE
403	ERZ1738264	SAMEA5577151	Modern Togolese Somba bos taurus.	AF	W
404	ERZ1738264	SAMEA5577153	Modern Alentejana bos taurus.	PO	WHOLE
405	ERZ1738264	SAMEA5605818	Modern South Anatolian Red (Bos taurus)	TU	SE
406	ERZ1738264	SAMEA6272082	cattle	?	Unspecified: Doesn't conform to standard
407	ERZ1738264	SAMEA6272083	cattle	?	Unspecified: Doesn't conform to standard
408	ERZ1738264	SAMEA6272084	cattle	?	Unspecified: Doesn't conform to standard
409	ERZ1738264	SAMEA6272085	cattle	?	Unspecified: Doesn't conform to standard
410	ERZ1738264	SAMEA6272086	cattle	?	Unspecified: Doesn't conform to standard
411	ERZ1738264	SAMEA6272087	cattle	?	Unspecified: Doesn't conform to standard
412	ERZ1738264	SAMEA6272088	cattle	?	Unspecified: Doesn't conform to standard
413	ERZ1738264	SAMEA6272089	cattle	?	Unspecified: Doesn't conform to standard
414	ERZ1738264	SAMEA6272090	cattle	?	Unspecified: Doesn't conform to standard
415	ERZ1738264	SAMEA6272091	cattle	?	Unspecified: Doesn't conform to standard
416	ERZ1738264	SAMEA6272092	cattle	?	Unspecified: Doesn't conform to standard
417	ERZ1738264	SAMEA6272093	cattle	?	Unspecified: Doesn't conform to standard
418	ERZ1738264	SAMEA6272094	cattle	?	Unspecified: Doesn't conform to standard
419	ERZ1738264	SAMEA6272095	cattle	?	Unspecified: Doesn't conform to standard
420	ERZ1738264	SAMEA6272096	cattle	?	Unspecified: Doesn't conform to standard
421	ERZ1738264	SAMEA6272097	cattle	?	Unspecified: Doesn't conform to standard
422	ERZ1738264	SAMEA6272098	cattle	?	Unspecified: Doesn't conform to standard
423	ERZ1738264	SAMEA6272099	cattle	?	Unspecified: Doesn't conform to standard
424	ERZ1738264	SAMEA6272100	cattle	?	Unspecified: Doesn't conform to standard
425	ERZ1738264	SAMEA6272101	cattle	?	Unspecified: Doesn't conform to standard
426	ERZ1738264	SAMEA6272102	cattle	?	Unspecified: Doesn't conform to standard
427	ERZ1738264	SAMEA6272103	cattle	?	Unspecified: Doesn't conform to standard
428	ERZ1738264	SAMEA6272104	cattle	?	Unspecified: Doesn't conform to standard
429	ERZ1738264	SAMEA6272105	cattle	?	Unspecified: Doesn't conform to standard
430	ERZ1738264	SAMEA6272106	cattle	?	Unspecified: Doesn't conform to standard
431	ERZ1738264	SAMEA6272107	cattle	?	Unspecified: Doesn't conform to standard
432	ERZ1738264	SAMEA6272108	cattle	?	Unspecified: Doesn't conform to standard
433	ERZ1738264	SAMEA6272109	cattle	?	Unspecified: Doesn't conform to standard
434	ERZ1738264	SAMEA6272110	cattle	?	Unspecified: Doesn't conform to standard
435	ERZ1738264	SAMEA6272111	cattle	?	Unspecified: Doesn't conform to standard
436	ERZ1738264	SAMEA6272112	cattle	?	Unspecified: Doesn't conform to standard
437	ERZ1738264	SAMEA6272113	cattle	?	Unspecified: Doesn't conform to standard
438	ERZ1738264	SAMEA6272114	cattle	?	Unspecified: Doesn't conform to standard
439	ERZ1738264	SAMEA6272115	cattle	?	Unspecified: Doesn't conform to standard
440	ERZ1738264	SAMEA6272116	cattle	?	Unspecified: Doesn't conform to standard
441	ERZ1738264	SAMEA6272117	cattle	?	Unspecified: Doesn't conform to standard
442	ERZ1738264	SAMEA6272118	cattle	?	Unspecified: Doesn't conform to standard
443	ERZ1738264	SAMEA6272119	cattle	?	Unspecified: Doesn't conform to standard
444	ERZ1738264	SAMEA6272120	cattle	?	Unspecified: Doesn't conform to standard
445	ERZ1738264	SAMEA6272121	cattle	?	Unspecified: Doesn't conform to standard
446	ERZ1738264	SAMEA6272122	cattle	?	Unspecified: Doesn't conform to standard
447	ERZ1738264	SAMEA6272123	cattle	?	Unspecified: Doesn't conform to standard
448	ERZ1738264	SAMEA6272124	cattle	?	Unspecified: Doesn't conform to standard
449	ERZ1738264	SAMEA6272125	cattle	?	Unspecified: Doesn't conform to standard
450	ERZ1738264	SAMEA6272126	cattle	?	Unspecified: Doesn't conform to standard
451	ERZ1738264	SAMEA6272127	cattle	?	Unspecified: Doesn't conform to standard
452	ERZ1738264	SAMEA6272128	cattle	?	Unspecified: Doesn't conform to standard
453	ERZ1738264	SAMEA6272129	cattle	?	Unspecified: Doesn't conform to standard
454	ERZ1738264	SAMEA6272132	cattle	?	Unspecified: Doesn't conform to standard
455	ERZ1738264	SAMEA6272133	cattle	?	Unspecified: Doesn't conform to standard
456	ERZ1738264	SAMEA6272134	cattle	?	Unspecified: Doesn't conform to standard
457	ERR3890031	SAMEA6528879	Eringer - female	SW	S
458	ERR3890032	SAMEA6528880	Holstein - male	AM	WHOLE
459	ERR3890033	SAMEA6528881	Romagnola - male	IT	N
460	ERR3890034	SAMEA6528882	Romagnola - female	IT	N
461	ERR3890035	SAMEA6528883	Romagnola - male	IT	N
462	ERR3890036	SAMEA6528884	Romagnola - female	IT	N
463	ERR3890037	SAMEA6528885	Romagnola - male	IT	N
464	ERR3890038	SAMEA6528886	Original Braunvieh - female	SW	C
465	ERR3890039	SAMEA6528887	Original Braunvieh - male	SW	C
466	ERR3890040	SAMEA6528888	Original Braunvieh - female	SW	C
467	ERR3890041	SAMEA6528889	Original Braunvieh - female	SW	C
468	ERR3890042	SAMEA6528890	Original Braunvieh - female	SW	C
469	ERR3890043	SAMEA6528891	Original Braunvieh - female	SW	C
470	ERR3890044	SAMEA6528892	Original Braunvieh - female	SW	C
471	ERR3890045	SAMEA6528893	Original Braunvieh - male	SW	C
472	ERR3890046	SAMEA6528894	Original Braunvieh - female	SW	C
473	ERR3890047	SAMEA6528895	Original Braunvieh - male	SW	C
474	ERR3890048	SAMEA6528896	Holstein - female	AM	WHOLE
475	ERR3890049	SAMEA6528897	Holstein - male	AM	WHOLE
476	ERR3890050	SAMEA6528898	Belgian Blue x Holstein - male	BExAM	mixed
477	ERR3890051	SAMEA6528899	Holstein - female	AM	WHOLE
478	ERR3890052	SAMEA6528900	Danish Red Dairy x Holstein - male	DE/UK	mixed
479	ERR3890053	SAMEA6528901	Danish Red Dairy - male	DE/UK	mixed
480	ERR3890054	SAMEA6528902	Holstein - male	AM	WHOLE
481	ERR3890055	SAMEA6528903	Holstein - male	AM	WHOLE
482	ERR3890056	SAMEA6528904	Holstein - female	AM	WHOLE
483	ERR3890057	SAMEA6528905	Holstein - male	AM	WHOLE
484	ERR3890058	SAMEA6528906	Holstein - male	AM	WHOLE
485	ERR3890059	SAMEA6528907	Holstein - female	AM	WHOLE
486	ERR3890060	SAMEA6528908	Holstein - female	AM	WHOLE
487	ERR3890061	SAMEA6528909	Holstein - male	AM	WHOLE
488	ERR3890062	SAMEA6528910	Simmental - male	SW	W
489	ERR4291955	SAMEA7015107	Evolne - male	SW	SW
490	ERR4291956	SAMEA7015108	Original BraunviehBrown Swiss - male	SW	C
491	ERR4291957	SAMEA7015109	Simmental - male	SW	W
492	ERR4291958	SAMEA7015110	Holstein - male	AM	WHOLE
493	ERR4291959	SAMEA7015111	Hereford - male	UK	SW
494	ERR4291960	SAMEA7015112	Holstein - male	AM	WHOLE
495	ERR4291961	SAMEA7015113	Holstein - female	AM	WHOLE
496	ERR4291962	SAMEA7015114	Romagnola - female	IT	N
497	ERR4291963	SAMEA7015115	Holstein - female	AM	WHOLE
498	ERR4291964	SAMEA7015116	Tyrolean Grey Cattle - female	AU	W
499	ERR4291965	SAMEA7015117	Tyrolean Grey Cattle - female	AU	W
500	ERR4291966	SAMEA7015118	Tyrolean Grey Cattle - male	AU	W
501	ERR4291967	SAMEA7015119	Tyrolean Grey Cattle - male	AU	W
502	ERR4291968	SAMEA7015120	Tyrolean Grey Cattle - male	AU	W
503	ERR4291969	SAMEA7015121	Tyrolean Grey Cattle - female	AU	W
504	ERR4919599	SAMEA7690195	Romagnola - Male	IT	N
505	ERR4919600	SAMEA7690196	Chianina	IT	N
506	ERR4919601	SAMEA7690197	Chianina - Female	IT	N
507	ERR4919602	SAMEA7690198	Chianina - Female	IT	N
508	ERR4919603	SAMEA7690199	Simmental - Female	SW	W
509	ERR4919604	SAMEA7690200	Holstein - Female	AM	WHOLE
510	ERR4919605	SAMEA7690201	Holstein - Male	AM	WHOLE
511	ERR4919606	SAMEA7690202	Romagnola - Female	IT	N
512	ERR4919607	SAMEA7690203	Romagnola - Male	IT	N
513	ERR4919608	SAMEA7690204	Limousin - Female	FR	CS
514	ERR4919609	SAMEA7690205	Limousin - Male	FR	CS
515	ERR4919610	SAMEA7690206	Limousin	FR	CS
516	ERR4919611	SAMEA7690207	Holstein - Male	AM	WHOLE
517	ERR4919612	SAMEA7690208	Holstein - Female	AM	WHOLE
518	ERR4919613	SAMEA7690209	Holstein	AM	WHOLE
519	ERR4919614	SAMEA7690210	Holstein - Female	AM	WHOLE
520	ERR4919615	SAMEA7690211	Holstein	AM	WHOLE
521	ERR4919616	SAMEA7690212	Holstein - Male	AM	WHOLE
522	ERR4919617	SAMEA7690213	Holstein - Male	AM	WHOLE
523	ERR4919618	SAMEA7690214	Holstein - Female	AM	WHOLE
524	ERR4919619	SAMEA7690215	Holstein - Male	AM	WHOLE
525	ERR4919621	SAMEA7690217	Charolais - Female	FR	C
526	ERR4919622	SAMEA7690218	LimousinxSimmental - Female	FR	CS
527	ERR4919623	SAMEA7690219	Simmental - Female	SW	W
528	ERR4919624	SAMEA7690220	Simmental - Female	SW	W
529	ERR4919625	SAMEA7690221	LimousinxSimmental - Female	FR	CS
530	ERR4919626	SAMEA7690222	Holstein - Male	AM	WHOLE
531	ERR4919627	SAMEA7690223	Holstein - Female	AM	WHOLE
532	ERR4919628	SAMEA7690224	Holstein - Male	AM	WHOLE
533	ERR4919629	SAMEA7690225	Holstein	AM	WHOLE
534	ERR4919630	SAMEA7690226	Holstein	AM	WHOLE
535	ERR4919631	SAMEA7690227	Holstein - Male	AM	WHOLE
536	ERR4919632	SAMEA7690228	Holstein - Female	AM	WHOLE
537	ERR4919633	SAMEA7690229	Limousin - Male	FR	CS
538	ERR4919634	SAMEA7690230	Chianina - Male	IT	N
539	ERR4919635	SAMEA7690231	Chianina - Female	IT	N
540	ERR4919636	SAMEA7690232	Holstein - Female	AM	WHOLE
541	ERR4919637	SAMEA7690233	Holstein - Male	AM	WHOLE
542	ERR4919638	SAMEA7690234	Holstein - Female	AM	WHOLE
543	ERR4919639	SAMEA7690235	Holstein - Male	AM	WHOLE
544	ERR4919640	SAMEA7690236	Holstein - Female	AM	WHOLE
545	ERR4919641	SAMEA7690237	Holstein - Female	AM	WHOLE
546	ERR4919642	SAMEA7690238	Holstein - Female	AM	WHOLE
547	ERR4919643	SAMEA7690239	Holstein - Male	AM	WHOLE
548	ERR4919644	SAMEA7690240	Simmental - Female	SW	W
549	ERR4919645	SAMEA7690241	Holstein - Female	AM	WHOLE
550	ERR4919646	SAMEA7690242	Holstein - Male	AM	WHOLE
551	ERR4919647	SAMEA7690243	Holstein - Male	AM	WHOLE
552	ERR4919648	SAMEA7690244	Holstein - Male	AM	WHOLE
553	ERR4919649	SAMEA7690245	Holstein	AM	WHOLE
554	ERR4919650	SAMEA7690246	Holstein - Male	AM	WHOLE
555	ERR4919651	SAMEA7690247	Holstein - Male	AM	WHOLE
556	ERR4919652	SAMEA7690248	Holstein - Male	AM	WHOLE
557	ERR4919653	SAMEA7690249	Holstein - Female	AM	WHOLE
558	ERR4919654	SAMEA7690250	Holstein - Male	AM	WHOLE
559	ERR4919655	SAMEA7690251	Holstein - Female	AM	WHOLE
560	ERR4919656	SAMEA7690252	Holstein - Female	AM	WHOLE
561	ERR4919657	SAMEA7690253	Holstein - Female	AM	WHOLE
562	ERR4919658	SAMEA7690254	Holstein - Female	AM	WHOLE
563	ERR4919659	SAMEA7690255	Holstein - Female	AM	WHOLE
564	ERR4919660	SAMEA7690256	Holstein - Female	AM	WHOLE
565	ERR4919661	SAMEA7690257	Holstein - Female	AM	WHOLE
566	ERR4919662	SAMEA7690258	Holstein - Female	AM	WHOLE
567	ERR4919663	SAMEA7690259	Holstein - Female	AM	WHOLE
568	ERR4919664	SAMEA7690260	Holstein - Female	AM	WHOLE
569	ERR4919665	SAMEA7690261	Holstein - Female	AM	WHOLE
570	ERR4919666	SAMEA7690262	Holstein - Male	AM	WHOLE
571	ERR4919667	SAMEA7690263	Holstein - Male	AM	WHOLE
572	ERR4919668	SAMEA7690264	Holstein - Male	AM	WHOLE
573	ERR4919669	SAMEA7690265	Holstein - Male	AM	WHOLE
574	ERR4919670	SAMEA7690266	Holstein - Male	AM	WHOLE
575	ERR4919671	SAMEA7690267	Holstein - Male	AM	WHOLE
576	ERZ1738264	SAMEA19848418	Holstein - female	AM	WHOLE
577	ERR5711600	SAMEA8565005	Holstein - m	AM	WHOLE
578	ERR5711618	SAMEA8565023	Chianina - m	IT	N
579	ERR5711604	SAMEA8565009	Holstein - m	AM	WHOLE
580	ERR5711610	SAMEA8565015	Holstein - m	AM	WHOLE
581	ERR5711633	SAMEA8565038	Holstein - m	AM	WHOLE
582	ERR5711620	SAMEA8565025	Holstein - f	AM	WHOLE
583	ERR5711613	SAMEA8565018	Romagnola - m	IT	N
584	ERR5711609	SAMEA8565014	Holstein - m	AM	WHOLE
585	ERR5711601	SAMEA8565006	Holstein - m	AM	WHOLE
586	ERR5711621	SAMEA8565026	Holstein -	AM	WHOLE
587	ERR5711639	SAMEA8565044	Simmental - m	SW	W
588	ERR5711636	SAMEA8565041	Holstein - m	AM	WHOLE
589	ERR5711605	SAMEA8565010	Holstein - m	AM	WHOLE
590	ERR5711675	SAMEA8565080	Holstein - m	AM	WHOLE
591	ERR5711628	SAMEA8565033	Brown Swiss - f	SW	E
592	ERR5711603	SAMEA8565008	Holstein - m	AM	WHOLE
593	ERR5711645	SAMEA8565050	Chianina - f	IT	N
594	ERR5711670	SAMEA8565075	Holstein - m	AM	WHOLE
595	ERR5711634	SAMEA8565039	Holstein -	AM	WHOLE
596	ERR5711663	SAMEA8565068	Holstein - m	AM	WHOLE
597	ERR5711616	SAMEA8565021	Romagnola - f	IT	N
598	ERR5711607	SAMEA8565012	Holstein - m	AM	WHOLE
599	ERR5711623	SAMEA8565028	Brown Swiss - m	SW	E
600	ERR5711602	SAMEA8565007	Holstein - m	AM	WHOLE
601	ERR5711624	SAMEA8565029	Original Braunvieh - m	SW	C
602	ERR5711685	SAMEA8565090	Holstein -	AM	WHOLE
603	ERR5711599	SAMEA8565004	Holstein - m	AM	WHOLE
604	ERR5711632	SAMEA8565037	Simmental - f	SW	W
605	ERR5711674	SAMEA8565079	Holstein - f	AM	WHOLE
606	ERR5711659	SAMEA8565064	Holstein - f	AM	WHOLE
607	ERR5711627	SAMEA8565032	Swiss Fleckvieh - f	SW	CW
608	ERR5711598	SAMEA8565003	Holstein - m	AM	WHOLE
609	ERR5711687	SAMEA8565092	Holstein - m	AM	WHOLE
610	ERR5711648	SAMEA8565053	Holstein - m	AM	WHOLE
611	ERR5711635	SAMEA8565040	Holstein - f	AM	WHOLE
612	ERR5711693	SAMEA8565098	Brown Swiss - f	SW	E
613	ERR5711667	SAMEA8565072	Holstein -	AM	WHOLE
614	ERR5711691	SAMEA8565096	Original Braunvieh - f	SW	C
615	ERR5711671	SAMEA8565076	Holstein - f	AM	WHOLE
616	ERR5711649	SAMEA8565054	Holstein x unknown - f	AM	WHOLE
617	ERR5711684	SAMEA8565089	Holstein - m	AM	WHOLE
618	ERR5711642	SAMEA8565047	Romagnola - f	IT	N
619	ERR5711662	SAMEA8565067	Holstein - f	AM	WHOLE
620	ERR5711614	SAMEA8565019	Romagnola - m	IT	N
621	ERR5711689	SAMEA8565094	Holstein - f	AM	WHOLE
622	ERR5711647	SAMEA8565052	Chianina - f	IT	N
623	ERR5711677	SAMEA8565082	Holstein - m	AM	WHOLE
624	ERR5711679	SAMEA8565084	Holstein - m	AM	WHOLE
625	ERR5711653	SAMEA8565058	Holstein - f	AM	WHOLE
626	ERR5711654	SAMEA8565059	Holstein - m	AM	WHOLE
627	ERR5711692	SAMEA8565097	Brown Swiss - f	SW	E
628	ERR5711625	SAMEA8565030	Holstein - f	AM	WHOLE
629	ERR5711651	SAMEA8565056	Holstein -	AM	WHOLE
630	ERR5711669	SAMEA8565074	Holstein - m	AM	WHOLE
631	ERR5711657	SAMEA8565062	Holstein - m	AM	WHOLE
632	ERR5711643	SAMEA8565048	Romagnola - m	IT	N
633	ERR5711641	SAMEA8565046	Romagnola - f	IT	N
634	ERR5711597	SAMEA8565002	Holstein - m	AM	WHOLE
635	ERR5711617	SAMEA8565022	Romagnola - f	IT	N
636	ERR5711596	SAMEA8565001	Holstein - m	AM	WHOLE
637	ERR5711640	SAMEA8565045	Simmental - f	SW	W
638	ERR5711646	SAMEA8565051	Chianina - f	IT	N
639	ERR5711638	SAMEA8565043	Limousin - m	FR	CS
640	ERR5711631	SAMEA8565036	Brown Swiss - f	SW	E
641	ERR5711606	SAMEA8565011	Holstein - m	AM	WHOLE
642	ERR5711658	SAMEA8565063	Holstein - f	AM	WHOLE
643	ERR5711595	SAMEA8565000	Holstein - m	AM	WHOLE
644	ERR5711650	SAMEA8565055	Simmental - m	SW	W
645	ERR5711655	SAMEA8565060	Holstein - f	AM	WHOLE
646	ERR5711660	SAMEA8565065	Holstein - m	AM	WHOLE
647	ERR5711608	SAMEA8565013	Holstein - m	AM	WHOLE
648	ERR5711637	SAMEA8565042	Holstein - m	AM	WHOLE
649	ERR5711593	SAMEA8564998	Holstein - male	AM	WHOLE
650	ERR5711661	SAMEA8565066	Holstein -	AM	WHOLE
651	ERR5711656	SAMEA8565061	Holstein - f	AM	WHOLE
652	ERR5711682	SAMEA8565087	Holstein -	AM	WHOLE
653	ERR5711594	SAMEA8564999	Holstein - male	AM	WHOLE
654	ERR5711626	SAMEA8565031	Simmental - f	SW	W
655	ERR5711681	SAMEA8565086	Holstein - m	AM	WHOLE
656	ERR5711629	SAMEA8565034	Original Braunvieh - f	SW	C
657	ERR5711664	SAMEA8565069	Holstein - m	AM	WHOLE
658	ERR5711615	SAMEA8565020	Romagnola - f	IT	N
659	ERR5711622	SAMEA8565027	Holstein - m	AM	WHOLE
660	ERR5711672	SAMEA8565077	Holstein - m	AM	WHOLE
661	ERR5711676	SAMEA8565081	Holstein - m	AM	WHOLE
662	ERR5711644	SAMEA8565049	Romagnola - f	IT	N
663	ERR5711611	SAMEA8565016	Holstein - m	AM	WHOLE
664	ERR5711665	SAMEA8565070	Holstein - m	AM	WHOLE
665	ERR5711686	SAMEA8565091	Holstein - f	AM	WHOLE
666	ERR5711630	SAMEA8565035	Original Braunvieh - f	SW	C
667	ERR5711683	SAMEA8565088	Holstein -	AM	WHOLE
668	ERR5711668	SAMEA8565073	Holstein - f	AM	WHOLE
669	ERR5711680	SAMEA8565085	Holstein - f	AM	WHOLE
670	ERR5711619	SAMEA8565024	Romagnola - m	IT	N
671	ERR5711688	SAMEA8565093	Holstein - f	AM	WHOLE
672	ERR5711652	SAMEA8565057	Holstein - m	AM	WHOLE
673	ERR5711673	SAMEA8565078	Holstein - m	AM	WHOLE
674	ERR5711690	SAMEA8565095	Holstein - m	AM	WHOLE
675	ERR5711666	SAMEA8565071	Holstein - f	AM	WHOLE
676	ERR5711612	SAMEA8565017	Romagnola - m	IT	N
677	ERR7531109	SAMEA10833758	Evolne-male	SW	SW
678	ERR7531115	SAMEA10833764	Eringer-male	SW	S
679	ERR7531117	SAMEA10833766	Holstein-male	AM	WHOLE
680	ERR7531119	SAMEA10833768	Holstein-male	AM	WHOLE
681	ERR7531125	SAMEA10833774	Chianina-male	IT	N
682	ERR7531127	SAMEA10833776	Chianina-female	IT	N
683	ERR7531128	SAMEA10833777	Chianina-male	IT	N
684	ERR7531134	SAMEA10833783	Limousin-male	FR	CS
685	ERR7531146	SAMEA10833795	Brown Swiss-female	SW	E
686	ERR7531147	SAMEA10833796	Brown Swiss-male	SW	E
687	ERR7531148	SAMEA10833797	Brown Swiss-male	SW	E
688	ERR7531150	SAMEA10833799	Brown Swiss-female	SW	E
689	ERR7531163	SAMEA10833812	Holstein-female	AM	WHOLE
690	ERR7531170	SAMEA10833819	Holstein-female	AM	WHOLE
691	ERR7531175	SAMEA10833824	Brown Swiss-male	SW	E
692	ERR7531177	SAMEA10833826	Brown Swiss-male	SW	E
693	ERR7531181	SAMEA10833830	Holstein-male	AM	WHOLE
694	ERR7531182	SAMEA10833831	Holstein-female	AM	WHOLE
695	ERR7531191	SAMEA10833840	Holstein-female	AM	WHOLE
696	ERR7531197	SAMEA10833846	Swiss Fleckvieh-male	SW	CW
697	ERR7531192	SAMEA10833841	Angus-male	SC	WHOLE
698	ERR7531106	SAMEA10833755	Eringer - male	SW	S
699	ERR7531107	SAMEA10833756	Eringer-male	SW	S
700	ERR7531108	SAMEA10833757	Eringer-male	SW	S
701	ERR7531110	SAMEA10833759	Evolne-male	SW	SW
702	ERR7531111	SAMEA10833760	Evolne-male	SW	SW
703	ERR7531112	SAMEA10833761	Evolne-male	SW	SW
704	ERR7531113	SAMEA10833762	Evolne-male	SW	SW
705	ERR7531114	SAMEA10833763	Eringer-male	SW	S
706	ERR7531116	SAMEA10833765	Holstein-male	AM	WHOLE
707	ERR7531118	SAMEA10833767	Holstein-male	AM	WHOLE
708	ERR7531120	SAMEA10833769	Holstein-male	AM	WHOLE
709	ERR7531121	SAMEA10833770	Simmental-male	SW	W
710	ERR7531122	SAMEA10833771	Simmental-male	SW	W
711	ERR7531123	SAMEA10833772	Chianina-male	IT	N
712	ERR7531124	SAMEA10833773	Chianina-male	IT	N
713	ERR7531126	SAMEA10833775	Chianina-male	IT	N
714	ERR7531129	SAMEA10833778	Chianina-female	IT	N
715	ERR7531130	SAMEA10833779	Chianina-female	IT	N
716	ERR7531131	SAMEA10833780	Chianina-female	IT	N
717	ERR7531132	SAMEA10833781	Limousin-male	FR	CS
718	ERR7531133	SAMEA10833782	Limousin-male	FR	CS
719	ERR7531135	SAMEA10833784	Brown Swiss-female	SW	E
720	ERR7531136	SAMEA10833785	Brown Swiss-female	SW	E
721	ERR7531137	SAMEA10833786	Brown Swiss-female	SW	E
722	ERR7531138	SAMEA10833787	Brown Swiss-female	SW	E
723	ERR7531139	SAMEA10833788	Brown Swiss-female	SW	E
724	ERR7531140	SAMEA10833789	Brown Swiss-female	SW	E
725	ERR7531141	SAMEA10833790	Brown Swiss-female	SW	E
726	ERR7531142	SAMEA10833791	Brown Swiss-female	SW	E
727	ERR7531143	SAMEA10833792	Brown Swiss-female	SW	E
728	ERR7531144	SAMEA10833793	Brown Swiss-female	SW	E
729	ERR7531145	SAMEA10833794	Brown Swiss-female	SW	E
730	ERR7531149	SAMEA10833798	Brown Swiss-male	SW	E
731	ERR7531151	SAMEA10833800	Brown Swiss-female	SW	E
732	ERR7531152	SAMEA10833801	Brown Swiss-male	SW	E
733	ERR7531153	SAMEA10833802	Brown Swiss-female	SW	E
734	ERR7531154	SAMEA10833803	Holstein-male	AM	WHOLE
735	ERR7531155	SAMEA10833804	Simmental-female	SW	W
736	ERR7531156	SAMEA10833805	Holstein-female	AM	WHOLE
737	ERR7531157	SAMEA10833806	Holstein-female	AM	WHOLE
738	ERR7531158	SAMEA10833807	Holstein-female	AM	WHOLE
739	ERR7531159	SAMEA10833808	Holstein-male	AM	WHOLE
740	ERR7531160	SAMEA10833809	Holstein-female	AM	WHOLE
741	ERR7531161	SAMEA10833810	Holstein-female	AM	WHOLE
742	ERR7531162	SAMEA10833811	Brown Swiss-male	SW	E
743	ERR7531164	SAMEA10833813	Brown Swiss-male	SW	E
744	ERR7531165	SAMEA10833814	Ennstaler Bergscheck-male	AU	C
745	ERR7531166	SAMEA10833815	Ennstaler Bergscheck-male	AU	C
746	ERR7531167	SAMEA10833816	Ennstaler Bergscheck-male	AU	C
747	ERR7531168	SAMEA10833817	Holstein-male	AM	WHOLE
748	ERR7531169	SAMEA10833818	Holstein-female	AM	WHOLE
749	ERR7531171	SAMEA10833820	Holstein-male	AM	WHOLE
750	ERR7531172	SAMEA10833821	Holstein-female	AM	WHOLE
751	ERR7531173	SAMEA10833822	Holstein-female	AM	WHOLE
752	ERR7531174	SAMEA10833823	Simmental-female	SW	W
753	ERR7531176	SAMEA10833825	Brown Swiss-male	SW	E
754	ERR7531178	SAMEA10833827	Limousin-male	FR	CS
755	ERR7531179	SAMEA10833828	Limousin-male	FR	CS
756	ERR7531180	SAMEA10833829	Brown Swiss-female	SW	E
757	ERR7531183	SAMEA10833832	Holstein-male	AM	WHOLE
758	ERR7531184	SAMEA10833833	Original Braunvieh-male	SW	C
759	ERR7531185	SAMEA10833834	Original Braunvieh-male	SW	C
760	ERR7531186	SAMEA10833835	Holstein-male	AM	WHOLE
761	ERR7531187	SAMEA10833836	Holstein-male	AM	WHOLE
762	ERR7531188	SAMEA10833837	Brown Swiss-male	SW	E
763	ERR7531189	SAMEA10833838	Holstein-male	AM	WHOLE
764	ERR7531190	SAMEA10833839	Brown Swiss-male	SW	E
765	ERR7531193	SAMEA10833842	Angus-female	SC	WHOLE
766	ERR7531194	SAMEA10833843	Angus-male	SC	WHOLE
767	ERR7531195	SAMEA10833844	Angus-female	SC	WHOLE
768	ERR7531196	SAMEA10833845	Swiss Fleckvieh-male	SW	CW
769	ERR7531198	SAMEA10833847	Brown Swiss-male	SW	E
770	ERR7531199	SAMEA10833848	Wagyu-male	JP	WHOLE
771	ERR7531200	SAMEA10833849	Wagyu-male	JP	WHOLE
772	ERR7531201	SAMEA10833850	Wagyu-female	JP	WHOLE
773	ERR7531202	SAMEA10833851	Simmental-male	SW	W
774	ERR7531203	SAMEA10833852	Simmental-female	SW	W
775	ERR7531204	SAMEA10833853	Simmental-male	SW	W
776	ERR7531205	SAMEA10833854	Holstein-female	AM	WHOLE
777	ERR7531206	SAMEA10833855	Brown Swiss-female	SW	E
778	ERR7531207	SAMEA10833856	Rendena-male	IT	NE
779	ERR7531208	SAMEA10833857	Rendena-female	IT	NE
780	ERR7531209	SAMEA10833858	Rendena-male	IT	NE
781	ERR7531210	SAMEA10833859	Brown Swiss-female	SW	E
782	ERR7531211	SAMEA10833860	Original Braunvieh-female	SW	C
783	ERR7531212	SAMEA10833861	Draugthmaster	AS	WHOLE
784	ERR8135885	SAMEA12596593	Limousin x Brown Swiss	FRxSW	mixed
785	ERR8135886	SAMEA12596594	Brown Swiss	SW	E
786	ERR8135887	SAMEA12596595	Holstein	AM	WHOLE
787	ERR8135888	SAMEA12596596	Brown Swiss	SW	E
788	ERR8135889	SAMEA12596597	Holstein	AM	WHOLE
789	ERR8135890	SAMEA12596598	Brown Swiss	SW	E
790	ERR8135891	SAMEA12596599	Original Braunvieh	SW	C
791	ERR8135892	SAMEA12596600	Original Braunvieh	SW	C
792	ERR8135893	SAMEA12596601	Original Braunvieh	SW	C
793	ERR8135894	SAMEA12596602	Holstein	AM	WHOLE
794	ERR8135895	SAMEA12596603	Holstein	AM	WHOLE
795	ERR8135896	SAMEA12596604	Holstein	AM	WHOLE
796	ERR8135897	SAMEA12596605	Shorthorn	UK	NE
797	ERR8135898	SAMEA12596606	Shorthorn	UK	NE
798	ERR8135899	SAMEA12596607	Angus x Limousin	SCxFR	S
799	ERR8135900	SAMEA12596608	Limousin	FR	CS
800	ERR8135901	SAMEA12596609	Angus	SC	WHOLE
801	ERR8135902	SAMEA12596610	Angus	SC	WHOLE
802	ERR8135903	SAMEA12596611	Angus	SC	WHOLE
803	ERR8135904	SAMEA12596612	Angus	SC	WHOLE
804	ERR8135905	SAMEA12596613	Angus	SC	WHOLE
805	ERR8135906	SAMEA12596614	Angus	SC	WHOLE
806	ERR8135907	SAMEA12596615	Angus	SC	WHOLE
807	ERR8135908	SAMEA12596616	Wagyu	JP	WHOLE
808	ERR8135909	SAMEA12596617	Wagyu	JP	WHOLE
809	ERR8135910	SAMEA12596618	Holstein	AM	WHOLE
810	ERR8135911	SAMEA12596619	Holstein	AM	WHOLE
811	ERR8135912	SAMEA12596620	Holstein	AM	WHOLE
812	ERR8135913	SAMEA12596621	Brown Swiss	SW	E
813	ERZ1738264	SAMN01915337	Angus	SC	WHOLE
814	ERZ1738264	SAMN01915339	Angus	SC	WHOLE
815	ERZ1738264	SAMN01915340	Crossbred (50% Red Angus, 50% Limousin)	mix	Unspecified: Doesn't conform to standard
816	ERZ1738264	SAMN01915341	Angus	SC	WHOLE
817	ERZ1738264	SAMN01915343	Crossbred (50% Simmental, 50% Angus)	mix	Unspecified: Doesn't conform to standard
818	ERZ1738264	SAMN01915345	Piedmontese	IT	NW
819	ERZ1738264	SAMN01915346	Red Angus	SC	WHOLE
820	ERZ1738264	SAMN01915347	Crossbred (62.5% Red Angus, 37.5% Gelbvieh)	mix	Unspecified: Doesn't conform to standard
821	ERZ1738264	SAMN01915348	Crossbred (50% South Devon, 25% Red Angus, 25% Gelbvieh)	mix	Unspecified: Doesn't conform to standard
822	ERZ1738264	SAMN01915349	Piedmontese	IT	NW
823	ERZ1738264	SAMN01915350	Red Angus	SC	WHOLE
824	ERZ1738264	SAMN01915351	Crossbred (50% Simmental, 50% Red Angus)	mix	Unspecified: Doesn't conform to standard
825	ERZ1738264	SAMN01915352	Charolais	FR	C
826	ERZ1738264	SAMN01915353	Hereford	UK	SW
827	ERZ1738264	SAMN01915354	Charolais	FR	C
828	ERZ1738264	SAMN01915355	Blonde d'Aquitaine	FR	SW
829	ERZ1738264	SAMN02142982	Angus	SC	WHOLE
830	ERZ1738264	SAMN02142983	Angus	SC	WHOLE
831	ERZ1738264	SAMN02142984	Angus	SC	WHOLE
832	ERZ1738264	SAMN02142985	Angus	SC	WHOLE
833	ERZ1738264	SAMN02142986	Angus	SC	WHOLE
834	ERZ1738264	SAMN02142987	Angus	SC	WHOLE
835	ERZ1738264	SAMN02142988	Angus	SC	WHOLE
836	ERZ1738264	SAMN02142989	Angus	SC	WHOLE
837	ERZ1738264	SAMN02142990	Angus	SC	WHOLE
838	ERZ1738264	SAMN02142991	Charolais	FR	C
839	ERZ1738264	SAMN02142992	Charolais	FR	C
840	ERZ1738264	SAMN02142993	Charolais	FR	C
841	ERZ1738264	SAMN02142994	Charolais	FR	C
842	ERZ1738264	SAMN02142995	Charolais	FR	C
843	ERZ1738264	SAMN02142996	Hereford	UK	SW
844	ERZ1738264	SAMN02142997	Hereford	UK	SW
845	ERZ1738264	SAMN02143002	Hereford	UK	SW
846	ERZ1738264	SAMN02143003	Hereford	UK	SW
847	ERZ1738264	SAMN02143004	Hereford	UK	SW
848	ERZ1738264	SAMN02225723	Hanwoo	KR	WHOLE
849	ERZ1738264	SAMN02225724	Hanwoo	KR	WHOLE
850	ERZ1738264	SAMN02225725	Hanwoo	KR	WHOLE
851	ERZ1738264	SAMN02225726	Hanwoo	KR	WHOLE
852	ERZ1738264	SAMN02225727	Hanwoo	KR	WHOLE
853	ERZ1738264	SAMN02225728	Hanwoo	KR	WHOLE
854	ERZ1738264	SAMN02225729	Hanwoo	KR	WHOLE
855	ERZ1738264	SAMN02225730	Hanwoo	KR	WHOLE
856	ERZ1738264	SAMN02225731	Hanwoo	KR	WHOLE
857	ERZ1738264	SAMN02225732	Hanwoo	KR	WHOLE
858	ERZ1738264	SAMN02225733	Hanwoo	KR	WHOLE
859	ERZ1738264	SAMN02225734	Holstein	AM	WHOLE
860	ERZ1738264	SAMN02225735	Holstein	AM	WHOLE
861	ERZ1738264	SAMN02225736	Holstein	AM	WHOLE
862	ERZ1738264	SAMN02225737	Holstein	AM	WHOLE
863	ERZ1738264	SAMN02225738	Holstein	AM	WHOLE
864	ERZ1738264	SAMN02225739	Holstein	AM	WHOLE
865	ERZ1738264	SAMN02225740	Holstein	AM	WHOLE
866	ERZ1738264	SAMN02225741	Holstein	AM	WHOLE
867	ERZ1738264	SAMN02225742	Holstein	AM	WHOLE
868	ERZ1738264	SAMN02225743	Holstein	AM	WHOLE
869	ERZ1738264	SAMN02225744	Hanwoo	KR	WHOLE
870	ERZ1738264	SAMN02225745	Hanwoo	KR	WHOLE
871	ERZ1738264	SAMN02225746	Hanwoo	KR	WHOLE
872	ERZ1738264	SAMN02225747	Hanwoo	KR	WHOLE
873	ERZ1738264	SAMN02225748	Hanwoo	KR	WHOLE
874	ERZ1738264	SAMN02225750	Hanwoo	KR	WHOLE
875	ERZ1738264	SAMN02225751	Hanwoo	KR	WHOLE
876	ERZ1738264	SAMN02225752	Hanwoo	KR	WHOLE
877	ERZ1738264	SAMN02225753	Hanwoo	KR	WHOLE
878	ERZ1738264	SAMN02225754	Hanwoo	KR	WHOLE
879	ERZ1738264	SAMN02225755	Hanwoo	KR	WHOLE
880	ERZ1738264	SAMN02671482	Holstein	AM	WHOLE
881	ERZ1738264	SAMN02671596	Holstein	AM	WHOLE
882	ERZ1738264	SAMN02839600	Gelbvieh	DU	S
883	ERZ1738264	SAMN02839601	Gelbvieh	DU	S
884	ERZ1738264	SAMN02839602	Gelbvieh	DU	S
885	ERZ1738264	SAMN02839603	Gelbvieh	DU	S
886	ERZ1738264	SAMN02839604	Gelbvieh	DU	S
887	ERZ1738264	SAMN02839605	Hereford	UK	SW
888	ERZ1738264	SAMN02839606	Hereford	UK	SW
889	ERZ1738264	SAMN02839607	Angus	SC	WHOLE
890	ERZ1738264	SAMN02839608	Charolais	FR	C
891	ERZ1738264	SAMN02839609	Charolais	FR	C
892	ERZ1738264	SAMN02839610	Charolais	FR	C
893	ERZ1738264	SAMN02839611	Charolais	FR	C
894	ERZ1738264	SAMN02839613	Red Angus	SC	WHOLE
895	ERZ1738264	SAMN02839614	Red Angus	SC	WHOLE
896	ERZ1738264	SAMN02841104	Composite	?	Unspecified: Doesn't conform to standard
897	ERZ1738264	SAMN02841105	Devon	UK	SW
898	ERZ1738264	SAMN02841106	Angus	SC	WHOLE
899	ERZ1738264	SAMN02841107	Gelbvieh	DU	S
900	ERZ1738264	SAMN02841108	Hereford	UK	SW
901	ERZ1738264	SAMN02841109	Holstein	AM	WHOLE
902	ERZ1738264	SAMN02841111	Hereford	UK	SW
903	ERZ1738264	SAMN02841112	Hereford	UK	SW
904	ERZ1738264	SAMN02841113	Hereford	UK	SW
905	ERZ1738264	SAMN02841114	Hereford	UK	SW
906	ERZ1738264	SAMN02841115	Hereford	UK	SW
907	ERZ1738264	SAMN02841116	Angus	SC	WHOLE
908	ERZ1738264	SAMN02841117	Holstein	AM	WHOLE
909	ERZ1738264	SAMN02841118	Holstein	AM	WHOLE
910	ERZ1738264	SAMN02841119	Holstein	AM	WHOLE
911	ERZ1738264	SAMN02842697	Composite	?	Unspecified: Doesn't conform to standard
912	ERZ1738264	SAMN02842698	Composite	?	Unspecified: Doesn't conform to standard
913	ERZ1738264	SAMN02842699	Composite	?	Unspecified: Doesn't conform to standard
914	ERZ1738264	SAMN02842700	Charolais	FR	C
915	ERZ1738264	SAMN02842701	Holstein	AM	WHOLE
916	ERZ1738264	SAMN02842702	Red Angus	SC	WHOLE
917	ERZ1738264	SAMN02842703	Composite	?	Unspecified: Doesn't conform to standard
918	ERZ1738264	SAMN02842704	Charolais	FR	C
919	ERZ1738264	SAMN02842705	Charolais	FR	C
920	ERZ1738264	SAMN02842706	Charolais	FR	C
921	ERZ1738264	SAMN02842707	Gelbvieh	DU	S
922	ERZ1738264	SAMN02842709	Hereford	UK	SW
923	ERZ1738264	SAMN02842710	Hereford	UK	SW
924	ERZ1738264	SAMN02842711	Holstein	AM	WHOLE
925	ERZ1738264	SAMN02842713	Composite	?	Unspecified: Doesn't conform to standard
926	ERZ1738264	SAMN02842714	Angus	SC	WHOLE
927	ERZ1738264	SAMN02842715	Charolais	FR	C
928	ERZ1738264	SAMN02842717	Angus	SC	WHOLE
929	ERZ1738264	SAMN02842718	Angus	SC	WHOLE
930	ERZ1738264	SAMN02842719	Composite	?	Unspecified: Doesn't conform to standard
931	ERZ1738264	SAMN02842720	Composite	?	Unspecified: Doesn't conform to standard
932	ERZ1738264	SAMN02843054	Angus	SC	WHOLE
933	ERZ1738264	SAMN02843055	Angus	SC	WHOLE
934	ERZ1738264	SAMN02843056	Charolais	FR	C
935	ERZ1738264	SAMN02843057	Composite	?	Unspecified: Doesn't conform to standard
936	ERZ1738264	SAMN02843058	Charolais	FR	C
937	ERZ1738264	SAMN02843059	Gelbvieh	DU	S
938	ERZ1738264	SAMN02843062	Gelbvieh	DU	S
939	ERZ1738264	SAMN02843064	Maine Anjou	FR	NW
940	ERZ1738264	SAMN02843065	Maine Anjou	FR	NW
941	ERZ1738264	SAMN02843066	Charolais	FR	C
942	ERZ1738264	SAMN02843068	Hereford	UK	SW
943	ERZ1738264	SAMN02843069	Maine Anjou	FR	NW
944	ERZ1738264	SAMN02843070	Gelbvieh	DU	S
945	ERZ1738264	SAMN02843071	Gelbvieh	DU	S
946	ERZ1738264	SAMN02843072	Gelbvieh	DU	S
947	ERZ1738264	SAMN02843073	Gelbvieh	DU	S
948	ERZ1738264	SAMN02843075	Gelbvieh	DU	S
949	ERZ1738264	SAMN02843076	Gelbvieh	DU	S
950	ERZ1738264	SAMN02843077	Gelbvieh	DU	S
951	ERZ1738264	SAMN02843079	Angus	SC	WHOLE
952	ERZ1738264	SAMN02843088	Gelbvieh	DU	S
953	ERZ1738264	SAMN02843089	Gelbvieh	DU	S
954	ERZ1738264	SAMN02843090	Hereford	UK	SW
955	ERZ1738264	SAMN02843091	Hereford	UK	SW
956	ERZ1738264	SAMN02843092	Hereford	UK	SW
957	ERZ1738264	SAMN02843093	Hereford	UK	SW
958	ERZ1738264	SAMN02843095	Limousin	FR	CS
959	ERZ1738264	SAMN02843097	Hereford	UK	SW
960	ERZ1738264	SAMN02843098	Hereford	UK	SW
961	ERZ1738264	SAMN02843099	Hereford	UK	SW
962	ERZ1738264	SAMN02843100	Maine Anjou	FR	NW
963	ERZ1738264	SAMN02843101	Angus	SC	WHOLE
964	ERZ1738264	SAMN02843104	Composite	?	Unspecified: Doesn't conform to standard
965	ERZ1738264	SAMN02843105	Composite	?	Unspecified: Doesn't conform to standard
966	ERZ1738264	SAMN02843106	Composite	?	Unspecified: Doesn't conform to standard
967	ERZ1738264	SAMN02843107	Composite	?	Unspecified: Doesn't conform to standard
968	ERZ1738264	SAMN02843108	Charolais	FR	C
969	ERZ1738264	SAMN02843109	Hereford	UK	SW
970	ERZ1738264	SAMN02843110	Holstein	AM	WHOLE
971	ERZ1738264	SAMN02843111	Hereford	UK	SW
972	ERZ1738264	SAMN02843112	Hereford	UK	SW
973	ERZ1738264	SAMN02843113	Hereford	UK	SW
974	ERZ1738264	SAMN02843114	Holstein	AM	WHOLE
975	ERZ1738264	SAMN02843115	Composite	?	Unspecified: Doesn't conform to standard
976	ERZ1738264	SAMN02843116	Composite	?	Unspecified: Doesn't conform to standard
977	ERZ1738264	SAMN02843117	Composite	?	Unspecified: Doesn't conform to standard
978	ERZ1738264	SAMN02843118	Composite	?	Unspecified: Doesn't conform to standard
979	ERZ1738264	SAMN02843119	Composite	?	Unspecified: Doesn't conform to standard
980	ERZ1738264	SAMN02843120	Holstein	AM	WHOLE
981	ERZ1738264	SAMN02843123	Charolais	FR	C
982	ERZ1738264	SAMN02843124	Holstein	AM	WHOLE
983	ERZ1738264	SAMN02843125	Holstein	AM	WHOLE
984	ERZ1738264	SAMN02843126	Holstein	AM	WHOLE
985	ERZ1738264	SAMN02843127	Holstein	AM	WHOLE
986	ERZ1738264	SAMN02843128	Holstein	AM	WHOLE
987	ERZ1738264	SAMN02843129	Holstein	AM	WHOLE
988	ERZ1738264	SAMN02843130	Holstein	AM	WHOLE
989	ERZ1738264	SAMN02843131	Angus	SC	WHOLE
990	ERZ1738264	SAMN02843132	Hereford	UK	SW
991	ERZ1738264	SAMN02843133	Hereford	UK	SW
992	ERZ1738264	SAMN02843134	Hereford	UK	SW
993	ERZ1738264	SAMN02843135	Hereford	UK	SW
994	ERZ1738264	SAMN02843136	Maine Anjou	FR	NW
995	ERZ1738264	SAMN02843137	Maine Anjou	FR	NW
996	ERZ1738264	SAMN02843138	Maine Anjou	FR	NW
997	ERZ1738264	SAMN02843139	Holstein	AM	WHOLE
998	ERZ1738264	SAMN02843140	Holstein	AM	WHOLE
999	ERZ1738264	SAMN02843141	Angus	SC	WHOLE
1000	ERZ1738264	SAMN02843142	Angus	SC	WHOLE
1001	ERZ1738264	SAMN02843143	Angus	SC	WHOLE
1002	ERZ1738264	SAMN02843144	Angus	SC	WHOLE
1003	ERZ1738264	SAMN02843145	Angus	SC	WHOLE
1004	ERZ1738264	SAMN02843146	Composite	?	Unspecified: Doesn't conform to standard
1005	ERZ1738264	SAMN02843147	Red Angus	SC	WHOLE
1006	ERZ1738264	SAMN02843148	Red Angus	SC	WHOLE
1007	ERZ1738264	SAMN02843149	Red Angus	SC	WHOLE
1008	ERZ1738264	SAMN02843150	Gelbvieh	DU	S
1009	ERZ1738264	SAMN02843152	Angus	SC	WHOLE
1010	ERZ1738264	SAMN02843153	Gelbvieh	DU	S
1011	ERZ1738264	SAMN02843154	Holstein	AM	WHOLE
1012	ERZ1738264	SAMN02843155	Holstein	AM	WHOLE
1013	ERZ1738264	SAMN02843156	Holstein	AM	WHOLE
1014	ERZ1738264	SAMN02843157	Holstein	AM	WHOLE
1015	ERZ1738264	SAMN02843158	Holstein	AM	WHOLE
1016	ERZ1738264	SAMN02843160	Holstein	AM	WHOLE
1017	ERZ1738264	SAMN02843161	Holstein	AM	WHOLE
1018	ERZ1738264	SAMN02843162	Holstein	AM	WHOLE
1019	ERZ1738264	SAMN02843163	Holstein	AM	WHOLE
1020	ERZ1738264	SAMN02843164	Holstein	AM	WHOLE
1021	ERZ1738264	SAMN02843165	Holstein	AM	WHOLE
1022	ERZ1738264	SAMN02843166	Holstein	AM	WHOLE
1023	ERZ1738264	SAMN02843167	Holstein	AM	WHOLE
1024	ERZ1738264	SAMN02843168	Holstein	AM	WHOLE
1025	ERZ1738264	SAMN02843169	Holstein	AM	WHOLE
1026	ERZ1738264	SAMN02843170	Holstein	AM	WHOLE
1027	ERZ1738264	SAMN02843171	Holstein	AM	WHOLE
1028	ERZ1738264	SAMN02843172	Holstein	AM	WHOLE
1029	ERZ1738264	SAMN02843173	Holstein	AM	WHOLE
1030	ERZ1738264	SAMN02843174	Holstein	AM	WHOLE
1031	ERZ1738264	SAMN02843175	Holstein	AM	WHOLE
1032	ERZ1738264	SAMN02843176	Holstein	AM	WHOLE
1033	ERZ1738264	SAMN02843177	Holstein	AM	WHOLE
1034	ERZ1738264	SAMN02843178	Holstein	AM	WHOLE
1035	ERZ1738264	SAMN02843180	Holstein	AM	WHOLE
1036	ERZ1738264	SAMN02843181	Holstein	AM	WHOLE
1037	ERZ1738264	SAMN02843182	Holstein	AM	WHOLE
1038	ERZ1738264	SAMN02941168	Angus	SC	WHOLE
1039	ERZ1738264	SAMN02941169	Angus	SC	WHOLE
1040	ERZ1738264	SAMN02941176	Charolais	FR	C
1041	ERZ1738264	SAMN02941177	Charolais	FR	C
1042	ERZ1738264	SAMN02941178	Charolais	FR	C
1043	ERZ1738264	SAMN02941179	Simmental	SW	W
1044	ERZ1738264	SAMN02941180	Simmental	SW	W
1045	ERZ1738264	SAMN02941181	Simmental	SW	W
1046	ERZ1738264	SAMN02941182	Simmental	SW	W
1047	ERZ1738264	SAMN02941183	Simmental	SW	W
1048	ERZ1738264	SAMN02941184	Simmental	SW	W
1049	ERZ1738264	SAMN02941185	Simmental	SW	W
1050	ERZ1738264	SAMN02941186	Simmental	SW	W
1051	ERZ1738264	SAMN02941187	Simmental	SW	W
1052	ERZ1738264	SAMN02941188	Simmental	SW	W
1053	ERZ1738264	SAMN02941190	Simmental	SW	W
1054	ERZ1738264	SAMN02941191	Simmental	SW	W
1055	ERZ1738264	SAMN02941192	Simmental	SW	W
1056	ERZ1738264	SAMN02941193	Simmental	SW	W
1057	ERZ1738264	SAMN02941194	Simmental	SW	W
1058	ERZ1738264	SAMN02941195	Simmental	SW	W
1059	ERZ1738264	SAMN02941196	Simmental	SW	W
1060	ERZ1738264	SAMN02941197	Simmental	SW	W
1061	ERZ1738264	SAMN02941198	Simmental	SW	W
1062	ERZ1738264	SAMN02941199	Simmental	SW	W
1063	ERZ1738264	SAMN02941200	Simmental	SW	W
1064	ERZ1738264	SAMN02941201	Simmental	SW	W
1065	ERZ1738264	SAMN02941202	Simmental	SW	W
1066	ERZ1738264	SAMN02941207	Red Angus	SC	WHOLE
1067	ERZ1738264	SAMN02941208	Crossbred (75% Gelbvieh, 25% Limousin)	mix	Unspecified: Doesn't conform to standard
1068	ERZ1738264	SAMN02941209	Red Angus	SC	WHOLE
1069	ERZ1738264	SAMN02941210	Angus	SC	WHOLE
1070	ERZ1738264	SAMN02941211	Crossbred (50% Simmental, 25% Red Angus, 25% Charolais)	mix	Unspecified: Doesn't conform to standard
1071	ERZ1738264	SAMN02941212	Crossbred (37.5% Gelbvieh, 25% Red Angus, 12.5% Simmental, 12.5% Limousin)	mix	Unspecified: Doesn't conform to standard
1072	ERZ1738264	SAMN02941213	Crossbred (25% Red Angus, 25% Simmental, 25% Gelbvieh, 25% Hereford)	mix	Unspecified: Doesn't conform to standard
1073	ERZ1738264	SAMN02941214	Crossbred (62.5% Angus, 12.5% Simmental, 12.5% Gelbvieh, 12.5% Hereford)	mix	Unspecified: Doesn't conform to standard
1074	ERZ1738264	SAMN02941215	Piedmontese	IT	NW
1075	ERZ1738264	SAMN02941216	Piedmontese	IT	NW
1076	ERZ1738264	SAMN02941217	Piedmontese	IT	NW
1077	ERZ1738264	SAMN02941218	Piedmontese	IT	NW
1078	ERZ1738264	SAMN02941219	Piedmontese	IT	NW
1079	ERZ1738264	SAMN02941220	Salers	FR	C
1080	ERZ1738264	SAMN02941221	Crossbred (50% Simmental, 50% Angus)	mix	Unspecified: Doesn't conform to standard
1081	ERZ1738264	SAMN02941222	Simmental	SW	W
1082	ERZ1738264	SAMN02941223	Simmental	SW	W
1083	ERZ1738264	SAMN02941224	Simmental	SW	W
1084	ERZ1738264	SAMN02941225	Simmental	SW	W
1085	ERZ1738264	SAMN02941226	Crossbred (50% Simmental, 50% Red Angus)	mix	Unspecified: Doesn't conform to standard
1086	ERZ1738264	SAMN02941227	Crossbred (50% Simmental, 25% Red Angus, 25% Angus)	mix	Unspecified: Doesn't conform to standard
1087	ERZ1738264	SAMN02941228	Crossbred (50% Simmental, 37.5% Red Angus, 12.5% Angus)	mix	Unspecified: Doesn't conform to standard
1088	ERZ1738264	SAMN02941229	Simmental	SW	W
1089	ERZ1738264	SAMN02941230	Simmental	SW	W
1090	ERZ1738264	SAMN02941231	Simmental	SW	W
1091	ERZ1738264	SAMN03387020	Angus	SC	WHOLE
1092	ERZ1738264	SAMN03447086	Bos taurus turano-mongolicus	MO	C
1093	ERZ1738264	SAMN03465694	Herford	UK	SW
1094	ERZ1738264	SAMN03652996	Hanwoo	KR	WHOLE
1095	ERZ1738264	SAMN04201345	Holstein	AM	WHOLE
1096	ERZ1738264	SAMN04545530	Boran	AF	E
1097	ERZ1738264	SAMN04545531	Boran	AF	E
1098	ERZ1738264	SAMN04545532	Boran	AF	E
1099	ERZ1738264	SAMN04545533	Boran	AF	E
1100	ERZ1738264	SAMN04545534	Boran	AF	E
1101	ERZ1738264	SAMN04545535	Boran	AF	E
1102	ERZ1738264	SAMN04545537	Boran	AF	E
1103	ERZ1738264	SAMN04545538	Boran	AF	E
1104	ERZ1738264	SAMN04545539	Boran	AF	E
1105	ERZ1738264	SAMN04545540	Ankole	AF	CE
1106	ERZ1738264	SAMN04545541	Ankole	AF	CE
1107	ERZ1738264	SAMN04545542	Ankole	AF	CE
1108	ERZ1738264	SAMN04545543	Ankole	AF	CE
1109	ERZ1738264	SAMN04545544	Ankole	AF	CE
1110	ERZ1738264	SAMN04545545	Ankole	AF	CE
1111	ERZ1738264	SAMN04545546	Ankole	AF	CE
1112	ERZ1738264	SAMN04545547	Ankole	AF	CE
1113	ERZ1738264	SAMN04545548	Ankole	AF	CE
1114	ERZ1738264	SAMN04545549	Ankole	AF	CE
1115	ERZ1738264	SAMN04545560	N'Dama	AF	W
1116	ERZ1738264	SAMN04545561	N'Dama	AF	W
1117	ERZ1738264	SAMN04545562	N'Dama	AF	W
1118	ERZ1738264	SAMN04545563	N'Dama	AF	W
1119	ERZ1738264	SAMN04545564	N'Dama	AF	W
1120	ERZ1738264	SAMN04545565	N'Dama	AF	W
1121	ERZ1738264	SAMN04545566	N'Dama	AF	W
1122	ERZ1738264	SAMN04545567	N'Dama	AF	W
1123	ERZ1738264	SAMN04545568	N'Dama	AF	W
1124	ERZ1738264	SAMN04545569	N'Dama	AF	W
1125	ERZ1738264	SAMN04545570	Ogaden	ET	WHOLE
1126	ERZ1738264	SAMN04545571	Ogaden	ET	WHOLE
1127	ERZ1738264	SAMN04545573	Ogaden	ET	WHOLE
1128	ERZ1738264	SAMN04545574	Ogaden	ET	WHOLE
1129	ERZ1738264	SAMN04545575	Ogaden	ET	WHOLE
1130	ERZ1738264	SAMN04545576	Ogaden	ET	WHOLE
1131	ERZ1738264	SAMN04545577	Ogaden	ET	WHOLE
1132	ERZ1738264	SAMN04545578	Ogaden	ET	WHOLE
1133	ERZ1738264	SAMN04545579	Ogaden	ET	WHOLE
1134	ERZ1738264	SAMN04978259	Hereford	UK	SW
1135	ERZ1738264	SAMN05199550	Limousin	FR	CS
1136	ERZ1738264	SAMN05199614	Gelbvieh	DU	S
1137	ERZ1738264	SAMN05199629	Simmental	SW	W
1138	ERZ1738264	SAMN05199676	Braunveih	SW	C
1139	ERZ1738264	SAMN05199680	Braunveih	SW	C
1140	ERZ1738264	SAMN05199681	Maine Anjou	FR	NW
1141	ERZ1738264	SAMN05199688	Maine Anjou	FR	NW
1142	ERZ1738264	SAMN05199689	Santa Gertrudis	AM	WHOLE
1143	ERZ1738264	SAMN05199693	Santa Gertrudis	AM	WHOLE
1144	ERZ1738264	SAMN05199698	Santa Gertrudis	AM	WHOLE
1145	ERZ1738264	SAMN05199699	Limousin	FR	CS
1146	ERZ1738264	SAMN05199706	Simmental	SW	W
1147	ERZ1738264	SAMN05199707	Chi-Angus	SCxIT	mixed
1148	ERZ1738264	SAMN05199708	Salers	FR	C
1149	ERZ1738264	SAMN05199710	Limousin x Hereford	FRxUK	mixed
1150	ERZ1738264	SAMN05199762	Limousin x Hereford	FRxUK	mixed
1151	ERZ1738264	SAMN05199766	Charolais x Angus	FRxSC	mixed
1152	ERZ1738264	SAMN05199780	Angus	SC	WHOLE
1153	ERZ1738264	SAMN05216009	Angus	SC	WHOLE
1154	ERZ1738264	SAMN05216010	Angus	SC	WHOLE
1155	ERZ1738264	SAMN05216011	Angus	SC	WHOLE
1156	ERZ1738264	SAMN05216012	Angus	SC	WHOLE
1157	ERZ1738264	SAMN05216013	Angus	SC	WHOLE
1158	ERZ1738264	SAMN05216014	Hereford	UK	SW
1159	ERZ1738264	SAMN05216015	Hereford	UK	SW
1160	ERZ1738264	SAMN05216016	Hereford	UK	SW
1161	ERZ1738264	SAMN05216017	Hereford	UK	SW
1162	ERZ1738264	SAMN05216018	Hereford	UK	SW
1163	ERZ1738264	SAMN05216019	Hereford	UK	SW
1164	ERZ1738264	SAMN05216020	Limousin	FR	CS
1165	ERZ1738264	SAMN05216021	Limousin	FR	CS
1166	ERZ1738264	SAMN05216022	Limousin	FR	CS
1167	ERZ1738264	SAMN05216023	Limousin	FR	CS
1168	ERZ1738264	SAMN05216024	Limousin	FR	CS
1169	ERZ1738264	SAMN05216025	Limousin	FR	CS
1170	ERZ1738264	SAMN05216026	Simmental	SW	W
1171	ERZ1738264	SAMN05216027	Simmental	SW	W
1172	ERZ1738264	SAMN05216028	Simmental	SW	W
1173	ERZ1738264	SAMN05216029	Simmental	SW	W
1174	ERZ1738264	SAMN05216030	Simmental	SW	W
1175	ERZ1738264	SAMN05216031	Simmental	SW	W
1176	ERZ1738264	SAMN05216032	Charolais	FR	C
1177	ERZ1738264	SAMN05216033	Charolais	FR	C
1178	ERZ1738264	SAMN05216034	Charolais	FR	C
1179	ERZ1738264	SAMN05216035	Charolais	FR	C
1180	ERZ1738264	SAMN05216036	Charolais	FR	C
1181	ERZ1738264	SAMN05216037	Charolais	FR	C
1182	ERZ1738264	SAMN05216038	Red Angus	SC	WHOLE
1183	ERZ1738264	SAMN05216040	Red Angus	SC	WHOLE
1184	ERZ1738264	SAMN05216041	Red Angus	SC	WHOLE
1185	ERZ1738264	SAMN05216042	Red Angus	SC	WHOLE
1186	ERZ1738264	SAMN05216043	Red Angus	SC	WHOLE
1187	ERZ1738264	SAMN05216044	Gelbvieh	DU	S
1188	ERZ1738264	SAMN05216045	Gelbvieh	DU	S
1189	ERZ1738264	SAMN05216046	Gelbvieh	DU	S
1190	ERZ1738264	SAMN05216047	Gelbvieh	DU	S
1191	ERZ1738264	SAMN05216048	Gelbvieh	DU	S
1192	ERZ1738264	SAMN05216049	Gelbvieh	DU	S
1193	ERZ1738264	SAMN05216050	Beefmaster	AM	S
1194	ERZ1738264	SAMN05216051	Beefmaster	AM	S
1195	ERZ1738264	SAMN05216052	Beefmaster	AM	S
1196	ERZ1738264	SAMN05216053	Beefmaster	AM	S
1197	ERZ1738264	SAMN05216054	Beefmaster	AM	S
1198	ERZ1738264	SAMN05216055	Brangus	AM	WHOLE
1199	ERZ1738264	SAMN05216056	Brangus	AM	WHOLE
1200	ERZ1738264	SAMN05216057	Brangus	AM	WHOLE
1201	ERZ1738264	SAMN05216058	Brangus	AM	WHOLE
1202	ERZ1738264	SAMN05216059	Brangus	AM	WHOLE
1203	ERZ1738264	SAMN05216060	Salers	FR	C
1204	ERZ1738264	SAMN05216061	Salers	FR	C
1205	ERZ1738264	SAMN05216062	Salers	FR	C
1206	ERZ1738264	SAMN05216063	Salers	FR	C
1207	ERZ1738264	SAMN05216064	Salers	FR	C
1208	ERZ1738264	SAMN05216065	Brahman	AM	WHOLE
1209	ERZ1738264	SAMN05216066	Brahman	AM	WHOLE
1210	ERZ1738264	SAMN05216067	Brahman	AM	WHOLE
1211	ERZ1738264	SAMN05216068	Brahman	AM	WHOLE
1212	ERZ1738264	SAMN05216069	Brahman	AM	WHOLE
1213	ERZ1738264	SAMN05216070	Shorthorn	UK	NE
1214	ERZ1738264	SAMN05216071	Shorthorn	UK	NE
1215	ERZ1738264	SAMN05216072	Shorthorn	UK	NE
1216	ERZ1738264	SAMN05216073	Shorthorn	UK	NE
1217	ERZ1738264	SAMN05216074	Shorthorn	UK	NE
1218	ERZ1738264	SAMN05216075	Maine-Anjou	FR	NW
1219	ERZ1738264	SAMN05216076	Maine-Anjou	FR	NW
1220	ERZ1738264	SAMN05216077	Maine-Anjou	FR	NW
1221	ERZ1738264	SAMN05216078	Maine-Anjou	FR	NW
1222	ERZ1738264	SAMN05216079	Maine-Anjou	FR	NW
1223	ERZ1738264	SAMN05216080	Texas Longhorn	AM	S
1224	ERZ1738264	SAMN05216081	Texas Longhorn	AM	S
1225	ERZ1738264	SAMN05216082	Texas Longhorn	AM	S
1226	ERZ1738264	SAMN05216083	Texas Longhorn	AM	S
1227	ERZ1738264	SAMN05216084	Santa Gertrudis	AM	WHOLE
1228	ERZ1738264	SAMN05216085	Santa Gertrudis	AM	WHOLE
1229	ERZ1738264	SAMN05216086	Santa Gertrudis	AM	WHOLE
1230	ERZ1738264	SAMN05216087	Santa Gertrudis	AM	WHOLE
1231	ERZ1738264	SAMN05216088	Chianina	IT	N
1232	ERZ1738264	SAMN05216089	Chianina	IT	N
1233	ERZ1738264	SAMN05216090	Chianina	IT	N
1234	ERZ1738264	SAMN05216091	Chianina	IT	N
1235	ERZ1738264	SAMN05216092	Braunvieh	SW	C
1236	ERZ1738264	SAMN05216093	Braunvieh	SW	C
1237	ERZ1738264	SAMN05216094	Braunvieh	SW	C
1238	ERZ1738264	SAMN05216095	Braunvieh	SW	C
1239	ERZ1738264	SAMN05216096	Corriente	SP	WHOLE
1240	ERZ1738264	SAMN05216097	Corriente	SP	WHOLE
1241	ERZ1738264	SAMN05216098	Corriente	SP	WHOLE
1242	ERZ1738264	SAMN05216099	Corriente	SP	WHOLE
1243	ERZ1738264	SAMN05216100	Tarentaise	FR	E
1244	ERZ1738264	SAMN05216101	Tarentaise	FR	E
1245	ERZ1738264	SAMN05216102	Tarentaise	FR	E
1246	ERZ1738264	SAMN05216103	Tarentaise	FR	E
1247	ERZ1738264	SAMN05216104	Hereford	UK	SW
1248	ERZ1738264	SAMN05217649	Brahman	AM	WHOLE
1249	ERZ1738264	SAMN05788490	Brahman	AM	WHOLE
1250	ERZ1738264	SAMN05788495	Brahman	AM	WHOLE
1251	ERZ1738264	SAMN05788496	Belted Galloway	SC	SW
1252	ERZ1738264	SAMN05803879	Belted Galloway	SC	SW
1253	ERZ1738264	SAMN05803880	Hereford miniature	UK	SW
1254	ERZ1738264	SAMN05803881	Hereford miniature	UK	SW
1255	ERZ1738264	SAMN05803882	Dexter	IR	WHOLE
1256	ERZ1738264	SAMN05803883	Angus lowline	AS	WHOLE
1257	ERZ1738264	SAMN05803884	Angus lowline	AS	WHOLE
1258	ERZ1738264	SAMN05803885	Angus lowline	AS	WHOLE
1259	ERZ1738264	SAMN05803886	Angus lowline	AS	WHOLE
1260	ERZ1738264	SAMN05803887	Dexter	IR	WHOLE
1261	ERZ1738264	SAMN05803888	Boran	AF	E
1262	ERZ1738264	SAMN05862018	Holstein	AM	WHOLE
1263	ERZ1738264	SAMN05929796	Holstein	AM	WHOLE
1264	ERZ1738264	SAMN05938744	Holstein	AM	WHOLE
1265	ERZ1738264	SAMN05939266	Holstein	AM	WHOLE
1266	ERZ1738264	SAMN05939364	Holstein	AM	WHOLE
1267	ERZ1738264	SAMN05942192	Holstein	AM	WHOLE
1268	ERZ1738264	SAMN05942193	Holstein	AM	WHOLE
1269	ERZ1738264	SAMN05942194	Fleckvieh	EU	C
1270	ERZ1738264	SAMN05945846	Fleckvieh	EU	C
1271	ERZ1738264	SAMN05945848	Fleckvieh	EU	C
1272	ERZ1738264	SAMN05945849	Sichuan indigenous cattle	CH	C
1273	ERZ1738264	SAMN06161576	Polish Holstein-Friesian	PL	WHOLE
1274	ERZ1738264	SAMN06282405	Polish Holstein-Friesian	PL	WHOLE
1275	ERZ1738264	SAMN06282407	Polish Holstein-Friesian	PL	WHOLE
1276	ERZ1738264	SAMN06282408	Polish Holstein-Friesian	PL	WHOLE
1277	ERZ1738264	SAMN06282409	Polish Holstein-Friesian	PL	WHOLE
1278	ERZ1738264	SAMN06282410	Polish Holstein-Friesian	PL	WHOLE
1279	ERZ1738264	SAMN06282411	Polish Holstein-Friesian	PL	WHOLE
1280	ERZ1738264	SAMN06282412	Polish Holstein-Friesian	PL	WHOLE
1281	ERZ1738264	SAMN06282413	Polish Holstein-Friesian	PL	WHOLE
1282	ERZ1738264	SAMN06282414	Polish Holstein-Friesian	PL	WHOLE
1283	ERZ1738264	SAMN06282415	Polish Holstein-Friesian	PL	WHOLE
1284	ERZ1738264	SAMN06282416	Polish Holstein-Friesian	PL	WHOLE
1285	ERZ1738264	SAMN06282417	Polish Holstein-Friesian	PL	WHOLE
1286	ERZ1738264	SAMN06282418	Polish Holstein-Friesian	PL	WHOLE
1287	ERZ1738264	SAMN06282419	Polish Holstein-Friesian	PL	WHOLE
1288	ERZ1738264	SAMN06282420	Polish Holstein-Friesian	PL	WHOLE
1289	ERZ1738264	SAMN06282421	Polish Holstein-Friesian	PL	WHOLE
1290	ERZ1738264	SAMN06282422	Polish Holstein-Friesian	PL	WHOLE
1291	ERZ1738264	SAMN06282423	Polish Holstein-Friesian	PL	WHOLE
1292	ERZ1738264	SAMN06282424	Polish Holstein-Friesian	PL	WHOLE
1293	ERZ1738264	SAMN06282425	Polish Holstein-Friesian	PL	WHOLE
1294	ERZ1738264	SAMN06282426	Polish Holstein-Friesian	PL	WHOLE
1295	ERZ1738264	SAMN06282427	Polish Holstein-Friesian	PL	WHOLE
1296	ERZ1738264	SAMN06282428	Polish Holstein-Friesian	PL	WHOLE
1297	ERZ1738264	SAMN06282429	Polish Holstein-Friesian	PL	WHOLE
1298	ERZ1738264	SAMN06282430	Polish Holstein-Friesian	PL	WHOLE
1299	ERZ1738264	SAMN06282431	Polish Holstein-Friesian	PL	WHOLE
1300	ERZ1738264	SAMN06282432	Polish Holstein-Friesian	PL	WHOLE
1301	ERZ1738264	SAMN06282433	Polish Holstein-Friesian	PL	WHOLE
1302	ERZ1738264	SAMN06282434	Polish Holstein-Friesian	PL	WHOLE
1303	ERZ1738264	SAMN06282435	Polish Holstein-Friesian	PL	WHOLE
1304	ERZ1738264	SAMN06282436	Yanbian Cattle	CH	WHOLE
1305	ERZ1738264	SAMN06698973	Chaidamu Yellow Cattle	CH	WHOLE
1306	ERZ1738264	SAMN06698974	Chaidamu Yellow Cattle	CH	WHOLE
1307	ERZ1738264	SAMN06698975	Chaidamu Yellow Cattle	CH	WHOLE
1308	ERZ1738264	SAMN06698976	Chaidamu Yellow Cattle	CH	WHOLE
1309	ERZ1738264	SAMN06698977	Chaidamu Yellow Cattle	CH	WHOLE
1310	ERZ1738264	SAMN06698978	Mongolian Cattle	MO	WHOLE
1311	ERZ1738264	SAMN06698979	Mongolian Cattle	MO	WHOLE
1312	ERZ1738264	SAMN06698980	Mongolian Cattle	MO	WHOLE
1313	ERZ1738264	SAMN06698981	Mongolian Cattle	MO	WHOLE
1314	ERZ1738264	SAMN06698982	Mongolian Cattle	MO	WHOLE
1315	ERZ1738264	SAMN06698983	Mongolian Cattle	MO	WHOLE
1316	ERZ1738264	SAMN06698984	Mongolian Cattle	MO	WHOLE
1317	ERZ1738264	SAMN06698985	Kazakh Cattle	KA/RU	mixed
1318	ERZ1738264	SAMN06698986	Kazakh Cattle	KA/RU	mixed
1319	ERZ1738264	SAMN06698987	Kazakh Cattle	KA/RU	mixed
1320	ERZ1738264	SAMN06698988	Kazakh Cattle	KA/RU	mixed
1321	ERZ1738264	SAMN06698989	Kazakh Cattle	KA/RU	mixed
1322	ERZ1738264	SAMN06698990	Kazakh Cattle	KA/RU	mixed
1323	ERZ1738264	SAMN06698991	Kazakh Cattle	KA/RU	mixed
1324	ERZ1738264	SAMN06698992	Kazakh Cattle	KA/RU	mixed
1325	ERZ1738264	SAMN06698993	Kazakh Cattle	KA/RU	mixed
1326	ERZ1738264	SAMN06698994	Luxi Cattle	CH	WHOLE
1327	ERZ1738264	SAMN06699004	Luxi Cattle	CH	WHOLE
1328	ERZ1738264	SAMN06699005	Luxi Cattle	CH	WHOLE
1329	ERZ1738264	SAMN06699006	Luxi Cattle	CH	WHOLE
1330	ERZ1738264	SAMN06699007	Luxi Cattle	CH	WHOLE
1331	ERZ1738264	SAMN06699008	Nanyang Cattle	CH	CW
1332	ERZ1738264	SAMN06699009	Nanyang Cattle	CH	CW
1333	ERZ1738264	SAMN06699010	Nanyang Cattle	CH	CW
1334	ERZ1738264	SAMN06699011	Nanyang Cattle	CH	CW
1335	ERZ1738264	SAMN06699012	Nanyang Cattle	CH	CW
1336	ERZ1738264	SAMN06699013	Jiaxian Red Cattle	CH	WHOLE
1337	ERZ1738264	SAMN06699014	Jiaxian Red Cattle	CH	WHOLE
1338	ERZ1738264	SAMN06699015	Jiaxian Red Cattle	CH	WHOLE
1339	ERZ1738264	SAMN06699016	Jiaxian Red Cattle	CH	WHOLE
1340	ERZ1738264	SAMN06699017	Jiaxian Red Cattle	CH	WHOLE
1341	ERZ1738264	SAMN06699018	Bohai Black Cattle	CH	WHOLE
1342	ERZ1738264	SAMN06699019	Bohai Black Cattle	CH	WHOLE
1343	ERZ1738264	SAMN06699020	Bohai Black Cattle	CH	WHOLE
1344	ERZ1738264	SAMN06699021	Bohai Black Cattle	CH	WHOLE
1345	ERZ1738264	SAMN06699022	Bohai Black Cattle	CH	WHOLE
1346	ERZ1738264	SAMN06699023	Lingnan Cattle	CH	WHOLE
1347	ERZ1738264	SAMN06699024	Lingnan Cattle	CH	WHOLE
1348	ERZ1738264	SAMN06699025	Lingnan Cattle	CH	WHOLE
1349	ERZ1738264	SAMN06699026	Lingnan Cattle	CH	WHOLE
1350	ERZ1738264	SAMN06699027	Lingnan Cattle	CH	WHOLE
1351	ERZ1738264	SAMN06699028	Lingnan Cattle	CH	WHOLE
1352	ERZ1738264	SAMN06699029	Lingnan Cattle	CH	WHOLE
1353	ERZ1738264	SAMN06699030	Lingnan Cattle	CH	WHOLE
1354	ERZ1738264	SAMN06699031	Zaobei Cattle	CH	WHOLE
1355	ERZ1738264	SAMN06699032	Zaobei Cattle	CH	WHOLE
1356	ERZ1738264	SAMN06699033	Zaobei Cattle	CH	WHOLE
1357	ERZ1738264	SAMN06699034	Zaobei Cattle	CH	WHOLE
1358	ERZ1738264	SAMN06699035	Zaobei Cattle	CH	WHOLE
1359	ERZ1738264	SAMN06699036	Xuanhan Cattle	CH	WHOLE
1360	ERZ1738264	SAMN06699037	Xuanhan Cattle	CH	WHOLE
1361	ERZ1738264	SAMN06699038	Xuanhan Cattle	CH	WHOLE
1362	ERZ1738264	SAMN06699039	Xuanhan Cattle	CH	WHOLE
1363	ERZ1738264	SAMN06699040	Xuanhan Cattle	CH	WHOLE
1364	ERZ1738264	SAMN06699041	Weining Cattle	CH	WHOLE
1365	ERZ1738264	SAMN06699042	Weining Cattle	CH	WHOLE
1366	ERZ1738264	SAMN06699043	Weining Cattle	CH	WHOLE
1367	ERZ1738264	SAMN06699044	Weining Cattle	CH	WHOLE
1368	ERZ1738264	SAMN06699045	Weining Cattle	CH	WHOLE
1369	ERZ1738264	SAMN06699046	Wannan Cattle	CH	WHOLE
1370	ERZ1738264	SAMN06699047	Wannan Cattle	CH	WHOLE
1371	ERZ1738264	SAMN06699048	Wannan Cattle	CH	WHOLE
1372	ERZ1738264	SAMN06699049	Wannan Cattle	CH	WHOLE
1373	ERZ1738264	SAMN06699050	Wannan Cattle	CH	WHOLE
1374	ERZ1738264	SAMN06699051	Wandong Cattle	CH	E
1375	ERZ1738264	SAMN06699052	Wandong Cattle	CH	E
1376	ERZ1738264	SAMN06699053	Dabieshan Cattle	CH	WHOLE
1377	ERZ1738264	SAMN06699054	Dabieshan Cattle	CH	WHOLE
1378	ERZ1738264	SAMN06699055	Guangfeng Cattle	CH	WHOLE
1379	ERZ1738264	SAMN06699056	Guangfeng Cattle	CH	WHOLE
1380	ERZ1738264	SAMN06699057	Guangfeng Cattle	CH	WHOLE
1381	ERZ1738264	SAMN06699058	Guangfeng Cattle	CH	WHOLE
1382	ERZ1738264	SAMN06699059	Jian Cattle	CH	WHOLE
1383	ERZ1738264	SAMN06699060	Jian Cattle	CH	WHOLE
1384	ERZ1738264	SAMN06699061	Jian Cattle	CH	WHOLE
1385	ERZ1738264	SAMN06699062	Jian Cattle	CH	WHOLE
1386	ERZ1738264	SAMN06699063	Jinjiang Cattle	CH	WHOLE
1387	ERZ1738264	SAMN06699064	Jinjiang Cattle	CH	WHOLE
1388	ERZ1738264	SAMN06699065	Jinjiang Cattle	CH	WHOLE
1389	ERZ1738264	SAMN06699066	Jinjiang Cattle	CH	WHOLE
1390	ERZ1738264	SAMN06699067	Leiqiong Cattle	CH	WHOLE
1391	ERZ1738264	SAMN06699068	Leiqiong Cattle	CH	WHOLE
1392	ERZ1738264	SAMN06699069	Leiqiong Cattle	CH	WHOLE
1393	ERZ1738264	SAMN06699070	Dianzhong Cattle	CH	S
1394	ERZ1738264	SAMN07622450	Dianzhong Cattle	CH	S
1395	ERZ1738264	SAMN07622451	Dianzhong Cattle	CH	S
1396	ERZ1738264	SAMN07622452	Dianzhong Cattle	CH	S
1397	ERZ1738264	SAMN07622453	Dianzhong Cattle	CH	S
1398	ERZ1738264	SAMN07622454	Dianzhong Cattle	CH	S
1399	ERZ1738264	SAMN07622455	Wenshan Cattle	CH	WHOLE
1400	ERZ1738264	SAMN07622456	Wenshan Cattle	CH	WHOLE
1401	ERZ1738264	SAMN07622457	Wenshan Cattle	CH	WHOLE
1402	ERZ1738264	SAMN07622458	Wenshan Cattle	CH	WHOLE
1403	ERZ1738264	SAMN07622459	Wenshan Cattle	CH	WHOLE
1404	ERZ1738264	SAMN07622460	Wenshan Cattle	CH	WHOLE
1405	ERZ1738264	SAMN07622461	Wenshan Cattle	CH	WHOLE
1406	ERZ1738264	SAMN07622462	Wenshan Cattle	CH	WHOLE
1407	ERZ1738264	SAMN07622463	Wannan Cattle	CH	WHOLE
1408	ERZ1738264	SAMN07622464	Wannan Cattle	CH	WHOLE
1409	ERZ1738264	SAMN07692225	limonero	SP	WHOLE
1410	ERZ1738264	SAMN08166127	limonero	SP	WHOLE
1411	ERZ1738264	SAMN08166128	limonero	SP	WHOLE
1412	ERZ1738264	SAMN08166129	limonero	SP	WHOLE
1413	ERZ1738264	SAMN08166130	limonero	SP	WHOLE
1414	ERZ1738264	SAMN08166131	limonero	SP	WHOLE
1415	ERZ1738264	SAMN08166132	limonero	SP	WHOLE
1416	ERZ1738264	SAMN08166133	limonero	SP	WHOLE
1417	ERZ1738264	SAMN08166134	limonero	SP	WHOLE
1418	ERZ1738264	SAMN08166135	Gir	IN	WHOLE
1419	ERZ1738264	SAMN08225763	Indian Zebu	IN	WHOLE
1420	ERZ1738264	SAMN08242174	Indian Zebu	IN	WHOLE
1421	ERZ1738264	SAMN08242175	Indian Zebu	IN	WHOLE
1422	ERZ1738264	SAMN08242176	Indian Zebu	IN	WHOLE
1423	ERZ1738264	SAMN08242177	Mangshi Zebu	CH	WHOLE
1424	ERZ1738264	SAMN08242223	Mangshi Zebu	CH	WHOLE
1425	ERZ1738264	SAMN08242224	Mangshi Zebu	CH	WHOLE
1426	ERZ1738264	SAMN08242225	Mangshi Zebu	CH	WHOLE
1427	ERZ1738264	SAMN08242227	Mangshi Zebu	CH	WHOLE
1428	ERZ1738264	SAMN08242229	Mangshi Zebu	CH	WHOLE
1429	ERZ1738264	SAMN08242230	Mangshi Zebu	CH	WHOLE
1430	ERZ1738264	SAMN08242231	Mangshi Zebu	CH	WHOLE
1431	ERZ1738264	SAMN08242232	Tibetan Cattle	TI	WHOLE
1432	ERZ1738264	SAMN08242323	Tibetan Cattle	TI	WHOLE
1433	ERZ1738264	SAMN08242327	Tibetan Cattle	TI	WHOLE
1434	ERZ1738264	SAMN08242330	Brahman	AM	WHOLE
1435	ERZ1738264	SAMN08435279	Brahman	AM	WHOLE
1436	ERZ1738264	SAMN08435280	Brahman	AM	WHOLE
1437	ERZ1738264	SAMN08435281	Brahman	AM	WHOLE
1438	ERZ1738264	SAMN08435282	Brahman	AM	WHOLE
1439	ERZ1738264	SAMN08435283	Brahman	AM	WHOLE
1440	ERZ1738264	SAMN08435284	Brahman	AM	WHOLE
1441	ERZ1738264	SAMN08435285	Brahman	AM	WHOLE
1442	ERZ1738264	SAMN08435286	Brahman	AM	WHOLE
1443	ERZ1738264	SAMN08435287	Brahman	AM	WHOLE
1444	ERZ1738264	SAMN08435288	Brahman	AM	WHOLE
1445	ERZ1738264	SAMN08435289	Brahman	AM	WHOLE
1446	ERZ1738264	SAMN08435290	Brahman	AM	WHOLE
1447	ERZ1738264	SAMN08435291	Brahman	AM	WHOLE
1448	ERZ1738264	SAMN08435292	Brahman	AM	WHOLE
1449	ERZ1738264	SAMN08435293	Brahman	AM	WHOLE
1450	ERZ1738264	SAMN08435295	Brahman	AM	WHOLE
1451	ERZ1738264	SAMN08435296	Brahman	AM	WHOLE
1452	ERZ1738264	SAMN08435297	Brahman	AM	WHOLE
1453	ERZ1738264	SAMN08435298	Brahman	AM	WHOLE
1454	ERZ1738264	SAMN08435299	Brahman	AM	WHOLE
1455	ERZ1738264	SAMN08435300	Brahman	AM	WHOLE
1456	ERZ1738264	SAMN08435301	Brahman	AM	WHOLE
1457	ERZ1738264	SAMN08435302	Brahman	AM	WHOLE
1458	ERZ1738264	SAMN08435303	Brahman	AM	WHOLE
1459	ERZ1738264	SAMN08435304	Brahman	AM	WHOLE
1460	ERZ1738264	SAMN08435305	Brahman	AM	WHOLE
1461	ERZ1738264	SAMN08435306	Brahman	AM	WHOLE
1462	ERZ1738264	SAMN08435307	Brahman	AM	WHOLE
1463	ERZ1738264	SAMN08435308	Brahman	AM	WHOLE
1464	ERZ1738264	SAMN08435310	Brahman	AM	WHOLE
1465	ERZ1738264	SAMN08435311	Brahman	AM	WHOLE
1466	ERZ1738264	SAMN08435312	Brahman	AM	WHOLE
1467	ERZ1738264	SAMN08435313	Brahman	AM	WHOLE
1468	ERZ1738264	SAMN08435314	Brahman	AM	WHOLE
1469	ERZ1738264	SAMN08435315	Brahman	AM	WHOLE
1470	ERZ1738264	SAMN08435316	Brahman	AM	WHOLE
1471	ERZ1738264	SAMN08435317	Brahman	AM	WHOLE
1472	ERZ1738264	SAMN08435318	Brahman	AM	WHOLE
1473	ERZ1738264	SAMN08435319	Brahman	AM	WHOLE
1474	ERZ1738264	SAMN08435320	Brahman	AM	WHOLE
1475	ERZ1738264	SAMN08435321	Brahman	AM	WHOLE
1476	ERZ1738264	SAMN08435322	Brahman	AM	WHOLE
1477	ERZ1738264	SAMN08435323	Brahman	AM	WHOLE
1478	ERZ1738264	SAMN08435324	Brahman	AM	WHOLE
1479	ERZ1738264	SAMN08435326	Brahman	AM	WHOLE
1480	ERZ1738264	SAMN08435327	Brahman	AM	WHOLE
1481	ERZ1738264	SAMN08473803	Angus	SC	WHOLE
1482	ERZ1738264	SAMN08473804	Holstein	AM	WHOLE
1483	ERZ1738264	SAMN08612380	Holstein	AM	WHOLE
1484	ERZ1738264	SAMN08612381	Holstein	AM	WHOLE
1485	ERZ1738264	SAMN08612382	Holstein	AM	WHOLE
1486	ERZ1738264	SAMN08612383	Holstein	AM	WHOLE
1487	ERZ1738264	SAMN08612384	Holstein	AM	WHOLE
1488	ERZ1738264	SAMN08612385	Holstein	AM	WHOLE
1489	ERZ1738264	SAMN08612386	Holstein	AM	WHOLE
1490	ERZ1738264	SAMN08612387	Holstein	AM	WHOLE
1491	ERZ1738264	SAMN08612388	Holstein	AM	WHOLE
1492	ERZ1738264	SAMN08612389	Holstein	AM	WHOLE
1493	ERZ1738264	SAMN08612390	Holstein	AM	WHOLE
1494	ERZ1738264	SAMN08612392	Holstein	AM	WHOLE
1495	ERZ1738264	SAMN08612393	Holstein	AM	WHOLE
1496	ERZ1738264	SAMN08612394	Holstein	AM	WHOLE
1497	ERZ1738264	SAMN08612395	Holstein	AM	WHOLE
1498	ERZ1738264	SAMN08612396	Holstein	AM	WHOLE
1499	ERZ1738264	SAMN08612397	Holstein	AM	WHOLE
1500	ERZ1738264	SAMN08612398	Holstein	AM	WHOLE
1501	ERZ1738264	SAMN08612399	Holstein	AM	WHOLE
1502	ERZ1738264	SAMN08612400	Holstein	AM	WHOLE
1503	ERZ1738264	SAMN08612401	Holstein	AM	WHOLE
1504	ERZ1738264	SAMN08612402	Holstein	AM	WHOLE
1505	ERZ1738264	SAMN08612403	Holstein	AM	WHOLE
1506	ERZ1738264	SAMN08612404	Holstein	AM	WHOLE
1507	ERZ1738264	SAMN08612405	Holstein	AM	WHOLE
1508	ERZ1738264	SAMN08612406	Holstein	AM	WHOLE
1509	ERZ1738264	SAMN08612407	Holstein	AM	WHOLE
1510	ERZ1738264	SAMN08612408	Holstein	AM	WHOLE
1511	ERZ1738264	SAMN08612409	Holstein	AM	WHOLE
1512	ERZ1738264	SAMN08612410	Holstein	AM	WHOLE
1513	ERZ1738264	SAMN08612411	Holstein	AM	WHOLE
1514	ERZ1738264	SAMN08612412	Holstein	AM	WHOLE
1515	ERZ1738264	SAMN08612413	Holstein	AM	WHOLE
1516	ERZ1738264	SAMN08612414	Holstein	AM	WHOLE
1517	ERZ1738264	SAMN08612415	Holstein	AM	WHOLE
1518	ERZ1738264	SAMN08612416	Holstein	AM	WHOLE
1519	ERZ1738264	SAMN08612417	Holstein	AM	WHOLE
1520	ERZ1738264	SAMN08612418	Holstein	AM	WHOLE
1521	ERZ1738264	SAMN08612419	Holstein	AM	WHOLE
1522	ERZ1738264	SAMN08612420	Holstein	AM	WHOLE
1523	ERZ1738264	SAMN08612421	Holstein	AM	WHOLE
1524	ERZ1738264	SAMN08612422	Holstein	AM	WHOLE
1525	ERZ1738264	SAMN08612423	Holstein	AM	WHOLE
1526	ERZ1738264	SAMN08612424	Holstein	AM	WHOLE
1527	ERZ1738264	SAMN08612425	Holstein	AM	WHOLE
1528	ERZ1738264	SAMN08612426	Holstein	AM	WHOLE
1529	ERZ1738264	SAMN08612427	Holstein	AM	WHOLE
1530	ERZ1738264	SAMN08612428	Holstein	AM	WHOLE
1531	ERZ1738264	SAMN08612429	Holstein	AM	WHOLE
1532	ERZ1738264	SAMN08612430	Holstein	AM	WHOLE
1533	ERZ1738264	SAMN08612431	Holstein	AM	WHOLE
1534	ERZ1738264	SAMN08612432	Holstein	AM	WHOLE
1535	ERZ1738264	SAMN08612433	Holstein	AM	WHOLE
1536	ERZ1738264	SAMN08612434	Holstein	AM	WHOLE
1537	ERZ1738264	SAMN08612435	Holstein	AM	WHOLE
1538	ERZ1738264	SAMN08612436	Holstein	AM	WHOLE
1539	ERZ1738264	SAMN08612437	Holstein	AM	WHOLE
1540	ERZ1738264	SAMN08612438	Holstein	AM	WHOLE
1541	ERZ1738264	SAMN08612439	Holstein	AM	WHOLE
1542	ERZ1738264	SAMN08612440	Holstein	AM	WHOLE
1543	ERZ1738264	SAMN08612441	Holstein	AM	WHOLE
1544	ERZ1738264	SAMN08612442	Holstein	AM	WHOLE
1545	ERZ1738264	SAMN08612443	Holstein	AM	WHOLE
1546	ERZ1738264	SAMN08612444	Holstein	AM	WHOLE
1547	ERZ1738264	SAMN08612445	Holstein	AM	WHOLE
1548	ERZ1738264	SAMN08612446	Holstein	AM	WHOLE
1549	ERZ1738264	SAMN08612447	Holstein	AM	WHOLE
1550	ERZ1738264	SAMN08612448	Holstein	AM	WHOLE
1551	ERZ1738264	SAMN08612449	Holstein	AM	WHOLE
1552	ERZ1738264	SAMN08612450	Holstein	AM	WHOLE
1553	ERZ1738264	SAMN08612451	Holstein	AM	WHOLE
1554	ERZ1738264	SAMN08612452	Holstein	AM	WHOLE
1555	ERZ1738264	SAMN08612453	Holstein	AM	WHOLE
1556	ERZ1738264	SAMN08612454	Holstein	AM	WHOLE
1557	ERZ1738264	SAMN08612455	Holstein	AM	WHOLE
1558	ERZ1738264	SAMN08612456	Holstein	AM	WHOLE
1559	ERZ1738264	SAMN08612457	Holstein	AM	WHOLE
1560	ERZ1738264	SAMN08612458	Holstein	AM	WHOLE
1561	ERZ1738264	SAMN08612459	Holstein	AM	WHOLE
1562	ERZ1738264	SAMN08612460	Holstein	AM	WHOLE
1563	ERZ1738264	SAMN08612461	Holstein	AM	WHOLE
1564	ERZ1738264	SAMN08612462	Holstein	AM	WHOLE
1565	ERZ1738264	SAMN08612463	Holstein	AM	WHOLE
1566	ERZ1738264	SAMN08612464	Jersey	UK	S
1567	ERZ1738264	SAMN08612465	Jersey	UK	S
1568	ERZ1738264	SAMN08612466	Jersey	UK	S
1569	ERZ1738264	SAMN08612467	Jersey	UK	S
1570	ERZ1738264	SAMN08612468	Jersey	UK	S
1571	ERZ1738264	SAMN08612469	Jersey	UK	S
1572	ERZ1738264	SAMN08612470	Jersey	UK	S
1573	ERZ1738264	SAMN08612471	Jersey	UK	S
1574	ERZ1738264	SAMN08612472	Jersey	UK	S
1575	ERZ1738264	SAMN08612473	Jersey	UK	S
1576	ERZ1738264	SAMN08612474	Jersey	UK	S
1577	ERZ1738264	SAMN08612475	Jersey	UK	S
1578	ERZ1738264	SAMN08612476	Jersey	UK	S
1579	ERZ1738264	SAMN08612477	Jersey	UK	S
1580	ERZ1738264	SAMN08612478	Jersey	UK	S
1581	ERZ1738264	SAMN08612479	Jersey	UK	S
1582	ERZ1738264	SAMN08612480	Jersey	UK	S
1583	ERZ1738264	SAMN08612481	Jersey	UK	S
1584	ERZ1738264	SAMN08612482	Jersey	UK	S
1585	ERZ1738264	SAMN08612483	Jersey	UK	S
1586	ERZ1738264	SAMN08612484	Jersey	UK	S
1587	ERZ1738264	SAMN08612485	Jersey	UK	S
1588	ERZ1738264	SAMN08612486	Jersey	UK	S
1589	ERZ1738264	SAMN08612487	Jersey	UK	S
1590	ERZ1738264	SAMN08612488	Jersey	UK	S
1591	ERZ1738264	SAMN08612489	Jersey	UK	S
1592	ERZ1738264	SAMN08612490	Jersey	UK	S
1593	ERZ1738264	SAMN08612491	Jersey	UK	S
1594	ERZ1738264	SAMN08612492	Jersey	UK	S
1595	ERZ1738264	SAMN08612493	Jersey	UK	S
1596	ERZ1738264	SAMN08612494	Jersey	UK	S
1597	ERZ1738264	SAMN08612495	Jersey	UK	S
1598	ERZ1738264	SAMN08612496	Jersey	UK	S
1599	ERZ1738264	SAMN08612497	Jersey	UK	S
1600	ERZ1738264	SAMN08612498	Jersey	UK	S
1601	ERZ1738264	SAMN08612499	Jersey	UK	S
1602	ERZ1738264	SAMN08612501	Jersey	UK	S
1603	ERZ1738264	SAMN08612503	Jersey	UK	S
1604	ERZ1738264	SAMN08612504	Jersey	UK	S
1605	ERZ1738264	SAMN08612505	Jersey	UK	S
1606	ERZ1738264	SAMN08612526	Jersey	UK	S
1607	ERZ1738264	SAMN08612527	Jersey	UK	S
1608	ERZ1738264	SAMN08612528	Jersey	UK	S
1609	ERZ1738264	SAMN08612529	Jersey	UK	S
1610	ERZ1738264	SAMN08612530	Jersey	UK	S
1611	ERZ1738264	SAMN08612531	Jersey	UK	S
1612	ERZ1738264	SAMN08612532	Jersey	UK	S
1613	ERZ1738264	SAMN08612533	Jersey	UK	S
1614	ERZ1738264	SAMN08612534	Jersey	UK	S
1615	ERZ1738264	SAMN08612535	Jersey	UK	S
1616	ERZ1738264	SAMN08612537	Jersey	UK	S
1617	ERZ1738264	SAMN08612538	Jersey	UK	S
1618	ERZ1738264	SAMN08612539	Jersey	UK	S
1619	ERZ1738264	SAMN08612540	Jersey	UK	S
1620	ERZ1738264	SAMN08612541	Jersey	UK	S
1621	ERZ1738264	SAMN08612542	Jersey	UK	S
1622	ERZ1738264	SAMN08612543	Jersey	UK	S
1623	ERZ1738264	SAMN08612544	Jersey	UK	S
1624	ERZ1738264	SAMN08612545	Jersey	UK	S
1625	ERZ1738264	SAMN08612546	Jersey	UK	S
1626	ERZ1738264	SAMN08612547	Jersey	UK	S
1627	ERZ1738264	SAMN08767044	German Angus	DU	WHOLE
1628	ERZ1738264	SAMN08810150	Friesian-Jersey cross	AMxUK	mixed
1629	ERZ1738264	SAMN08810152	Friesian-Jersey cross	AMxUK	mixed
1630	ERZ1738264	SAMN08810154	Friesian-Jersey cross	AMxUK	mixed
1631	ERZ1738264	SAMN08810156	Friesian-Jersey cross	AMxUK	mixed
1632	ERZ1738264	SAMN08810158	Friesian-Jersey cross	AMxUK	mixed
1633	ERZ1738264	SAMN08810160	Friesian-Jersey cross	AMxUK	mixed
1634	ERZ1738264	SAMN08810162	Friesian-Jersey cross	AMxUK	mixed
1635	ERZ1738264	SAMN08810164	Friesian-Jersey cross	AMxUK	mixed
1636	ERZ1738264	SAMN08810166	Friesian-Jersey cross	AMxUK	mixed
1637	ERZ1738264	SAMN09087152	Angus	SC	WHOLE
1638	ERZ1738264	SAMN09087153	Angus	SC	WHOLE
1639	ERZ1738264	SAMN09087154	Angus	SC	WHOLE
1640	ERZ1738264	SAMN09087155	Angus	SC	WHOLE
1641	ERZ1738264	SAMN09087156	Angus	SC	WHOLE
1642	ERZ1738264	SAMN09087157	Angus	SC	WHOLE
1643	ERZ1738264	SAMN09087158	Angus	SC	WHOLE
1644	ERZ1738264	SAMN09087159	Angus	SC	WHOLE
1645	ERZ1738264	SAMN09087160	Angus	SC	WHOLE
1646	ERZ1738264	SAMN09087161	Angus	SC	WHOLE
1647	ERZ1738264	SAMN09087162	Angus	SC	WHOLE
1648	ERZ1738264	SAMN09087163	Angus	SC	WHOLE
1649	ERZ1738264	SAMN09087164	Angus	SC	WHOLE
1650	ERZ1738264	SAMN09087165	Angus	SC	WHOLE
1651	ERZ1738264	SAMN09087166	Angus	SC	WHOLE
1652	ERZ1738264	SAMN09087167	Angus	SC	WHOLE
1653	ERZ1738264	SAMN09087168	Angus	SC	WHOLE
1654	ERZ1738264	SAMN09087169	Angus	SC	WHOLE
1655	ERZ1738264	SAMN09087170	Angus	SC	WHOLE
1656	ERZ1738264	SAMN09087171	Angus	SC	WHOLE
1657	ERZ1738264	SAMN09087172	Angus	SC	WHOLE
1658	ERZ1738264	SAMN09087173	Angus	SC	WHOLE
1659	ERZ1738264	SAMN09087174	Angus	SC	WHOLE
1660	ERZ1738264	SAMN09087175	Angus	SC	WHOLE
1661	ERZ1738264	SAMN09087176	Angus	SC	WHOLE
1662	ERZ1738264	SAMN09087177	Angus	SC	WHOLE
1663	ERZ1738264	SAMN09087178	Angus	SC	WHOLE
1664	ERZ1738264	SAMN09087179	Angus	SC	WHOLE
1665	ERZ1738264	SAMN09087180	Angus	SC	WHOLE
1666	ERZ1738264	SAMN09087181	Angus	SC	WHOLE
1667	ERZ1738264	SAMN09087182	Angus	SC	WHOLE
1668	ERZ1738264	SAMN09087183	Angus	SC	WHOLE
1669	ERZ1738264	SAMN09087184	Angus	SC	WHOLE
1670	ERZ1738264	SAMN09087185	Angus	SC	WHOLE
1671	ERZ1738264	SAMN09087186	Angus	SC	WHOLE
1672	ERZ1738264	SAMN09087187	Angus	SC	WHOLE
1673	ERZ1738264	SAMN09087188	Angus	SC	WHOLE
1674	ERZ1738264	SAMN09087189	Angus	SC	WHOLE
1675	ERZ1738264	SAMN09087190	Angus	SC	WHOLE
1676	ERZ1738264	SAMN09087191	Angus	SC	WHOLE
1677	ERZ1738264	SAMN09087192	Angus	SC	WHOLE
1678	ERZ1738264	SAMN09087193	Angus	SC	WHOLE
1679	ERZ1738264	SAMN09087194	Angus	SC	WHOLE
1680	ERZ1738264	SAMN09087195	Angus	SC	WHOLE
1681	ERZ1738264	SAMN09087196	Angus	SC	WHOLE
1682	ERZ1738264	SAMN09087198	Angus	SC	WHOLE
1683	ERZ1738264	SAMN09087199	Angus	SC	WHOLE
1684	ERZ1738264	SAMN09213440	San Martinero	CO	C
1685	ERZ1738264	SAMN09213441	San Martinero	CO	C
1686	ERZ1738264	SAMN09213442	Costeno con Cuernos	AM	WHOLE
1687	ERZ1738264	SAMN09213443	Costeno con Cuernos	AM	WHOLE
1688	ERZ1738264	SAMN09379695	Limousin	FR	CS
1689	ERZ1738264	SAMN09379696	Simmental	SW	W
1690	ERZ1738264	SAMN09379697	Hereford	UK	SW
1691	ERZ1738264	SAMN09379698	Simmental	SW	W
1692	ERZ1738264	SAMN09379699	Angus	SC	WHOLE
1693	ERZ1738264	SAMN09379700	Angus	SC	WHOLE
1694	ERZ1738264	SAMN09379701	Hereford	UK	SW
1695	ERZ1738264	SAMN09379702	Angus	SC	WHOLE
1696	ERZ1738264	SAMN09379703	Angus	SC	WHOLE
1697	ERZ1738264	SAMN09379704	Charolais	FR	C
1698	ERZ1738264	SAMN09379705	Charolais	FR	C
1699	ERZ1738264	SAMN09379706	Simmental	SW	W
1700	ERZ1738264	SAMN09379707	Charolais	FR	C
1701	ERZ1738264	SAMN09379708	Simmental	SW	W
1702	ERZ1738264	SAMN09379709	Limousin	FR	CS
1703	ERZ1738264	SAMN09379710	Limousin	FR	CS
1704	ERZ1738264	SAMN09379711	Angus	SC	WHOLE
1705	ERZ1738264	SAMN09379712	Charolais	FR	C
1706	ERZ1738264	SAMN09379713	Charolais	FR	C
1707	ERZ1738264	SAMN09379714	Hereford	UK	SW
1708	ERZ1738264	SAMN09379715	Belgian Blue	BE	WHOLE
1709	ERZ1738264	SAMN09379716	Charolais	FR	C
1710	ERZ1738264	SAMN09379717	Simmental	SW	W
1711	ERZ1738264	SAMN09379718	Simmental	SW	W
1712	ERZ1738264	SAMN09379719	Belgian Blue	BE	WHOLE
1713	ERZ1738264	SAMN09379720	Charolais	FR	C
1714	ERZ1738264	SAMN09379721	Hereford	UK	SW
1715	ERZ1738264	SAMN09379722	Limousin	FR	CS
1716	ERZ1738264	SAMN09379723	Limousin	FR	CS
1717	ERZ1738264	SAMN09379724	Limousin	FR	CS
1718	ERZ1738264	SAMN09379725	Charolais	FR	C
1719	ERZ1738264	SAMN09379726	Limousin	FR	CS
1720	ERZ1738264	SAMN09379727	Hereford	UK	SW
1721	ERZ1738264	SAMN09379728	Charolais	FR	C
1722	ERZ1738264	SAMN09379729	Charolais	FR	C
1723	ERZ1738264	SAMN09379730	Simmental	SW	W
1724	ERZ1738264	SAMN09379731	Simmental	SW	W
1725	ERZ1738264	SAMN09379732	Limousin	FR	CS
1726	ERZ1738264	SAMN09379733	Charolais	FR	C
1727	ERZ1738264	SAMN09379734	Simmental	SW	W
1728	ERZ1738264	SAMN09379735	Charolais	FR	C
1729	ERZ1738264	SAMN09379736	Charolais	FR	C
1730	ERZ1738264	SAMN09379737	Limousin	FR	CS
1731	ERZ1738264	SAMN09379738	Charolais	FR	C
1732	ERZ1738264	SAMN09379739	Angus	SC	WHOLE
1733	ERZ1738264	SAMN09379740	Charolais	FR	C
1734	ERZ1738264	SAMN09379741	Limousin	FR	CS
1735	ERZ1738264	SAMN09379742	Charolais	FR	C
1736	ERZ1738264	SAMN09379743	Hereford	UK	SW
1737	ERZ1738264	SAMN09379744	Charolais	FR	C
1738	ERZ1738264	SAMN09379745	Belgian Blue	BE	WHOLE
1739	ERZ1738264	SAMN09379746	Charolais	FR	C
1740	ERZ1738264	SAMN09379747	Charolais	FR	C
1741	ERZ1738264	SAMN09379748	Limousin	FR	CS
1742	ERZ1738264	SAMN09379749	Charolais	FR	C
1743	ERZ1738264	SAMN09379750	Belgian Blue	BE	WHOLE
1744	ERZ1738264	SAMN09379751	Hereford	UK	SW
1745	ERZ1738264	SAMN09379752	Limousin	FR	CS
1746	ERZ1738264	SAMN09379753	Hereford	UK	SW
1747	ERZ1738264	SAMN09379754	Hereford	UK	SW
1748	ERZ1738264	SAMN09379755	Hereford	UK	SW
1749	ERZ1738264	SAMN09379756	Limousin	FR	CS
1750	ERZ1738264	SAMN09379757	Limousin	FR	CS
1751	ERZ1738264	SAMN09379758	Angus	SC	WHOLE
1752	ERZ1738264	SAMN09379759	Angus	SC	WHOLE
1753	ERZ1738264	SAMN09379760	Charolais	FR	C
1754	ERZ1738264	SAMN09379761	Charolais	FR	C
1755	ERZ1738264	SAMN09379762	Charolais	FR	C
1756	ERZ1738264	SAMN09379763	Hereford	UK	SW
1757	ERZ1738264	SAMN09379764	Charolais	FR	C
1758	ERZ1738264	SAMN09379765	Charolais	FR	C
1759	ERZ1738264	SAMN09379766	Limousin	FR	CS
1760	ERZ1738264	SAMN09379767	Simmental	SW	W
1761	ERZ1738264	SAMN09379768	Simmental	SW	W
1762	ERZ1738264	SAMN09379769	Belgian Blue	BE	WHOLE
1763	ERZ1738264	SAMN09379770	Limousin	FR	CS
1764	ERZ1738264	SAMN09379771	Charolais	FR	C
1765	ERZ1738264	SAMN09379772	Simmental	SW	W
1766	ERZ1738264	SAMN09379773	Limousin	FR	CS
1767	ERZ1738264	SAMN09379774	Limousin	FR	CS
1768	ERZ1738264	SAMN09379775	Angus	SC	WHOLE
1769	ERZ1738264	SAMN09379776	Limousin	FR	CS
1770	ERZ1738264	SAMN09379777	Simmental	SW	W
1771	ERZ1738264	SAMN09379778	Simmental	SW	W
1772	ERZ1738264	SAMN09379779	Charolais	FR	C
1773	ERZ1738264	SAMN09379780	Angus	SC	WHOLE
1774	ERZ1738264	SAMN09379781	Charolais	FR	C
1775	ERZ1738264	SAMN09379782	Simmental	SW	W
1776	ERZ1738264	SAMN09379783	Charolais	FR	C
1777	ERZ1738264	SAMN09379784	Limousin	FR	CS
1778	ERZ1738264	SAMN09379785	Simmental	SW	W
1779	ERZ1738264	SAMN09379786	Simmental	SW	W
1780	ERZ1738264	SAMN09379787	Angus	SC	WHOLE
1781	ERZ1738264	SAMN09379788	Angus	SC	WHOLE
1782	ERZ1738264	SAMN09379789	Angus	SC	WHOLE
1783	ERZ1738264	SAMN09379790	Hereford	UK	SW
1784	ERZ1738264	SAMN09379791	Limousin	FR	CS
1785	ERZ1738264	SAMN09379792	Limousin	FR	CS
1786	ERZ1738264	SAMN09379793	Limousin	FR	CS
1787	ERZ1738264	SAMN09379794	Charolais	FR	C
1788	ERZ1738264	SAMN09379795	Hereford	UK	SW
1789	ERZ1738264	SAMN09379796	Belgian Blue	BE	WHOLE
1790	ERZ1738264	SAMN09379797	Limousin	FR	CS
1791	ERZ1738264	SAMN09379798	Charolais	FR	C
1792	ERZ1738264	SAMN09379799	Charolais	FR	C
1793	ERZ1738264	SAMN09379800	Angus	SC	WHOLE
1794	ERZ1738264	SAMN09379801	Charolais	FR	C
1795	ERZ1738264	SAMN09379802	Charolais	FR	C
1796	ERZ1738264	SAMN09379803	Charolais	FR	C
1797	ERZ1738264	SAMN09379804	Angus	SC	WHOLE
1798	ERZ1738264	SAMN09379805	Charolais	FR	C
1799	ERZ1738264	SAMN09379806	Limousin	FR	CS
1800	ERZ1738264	SAMN09379807	Simmental	SW	W
1801	ERZ1738264	SAMN09379808	Hereford	UK	SW
1802	ERZ1738264	SAMN09379809	Simmental	SW	W
1803	ERZ1738264	SAMN09379810	Hereford	UK	SW
1804	ERZ1738264	SAMN09379811	Charolais	FR	C
1805	ERZ1738264	SAMN09379812	Charolais	FR	C
1806	ERZ1738264	SAMN09379813	Belgian Blue	BE	WHOLE
1807	ERZ1738264	SAMN09379814	Charolais	FR	C
1808	ERZ1738264	SAMN09379815	Limousin	FR	CS
1809	ERZ1738264	SAMN09379816	Belgian Blue	BE	WHOLE
1810	ERZ1738264	SAMN09379817	Limousin	FR	CS
1811	ERZ1738264	SAMN09379818	Limousin	FR	CS
1812	ERZ1738264	SAMN09379819	Limousin	FR	CS
1813	ERZ1738264	SAMN09379820	Limousin	FR	CS
1814	ERZ1738264	SAMN09379821	Charolais	FR	C
1815	ERZ1738264	SAMN09379822	Simmental	SW	W
1816	ERZ1738264	SAMN09379823	Simmental	SW	W
1817	ERZ1738264	SAMN09379824	Simmental	SW	W
1818	ERZ1738264	SAMN09379825	Simmental	SW	W
1819	ERZ1738264	SAMN09379826	Charolais	FR	C
1820	ERZ1738264	SAMN09379827	Simmental	SW	W
1821	ERZ1738264	SAMN09379828	Simmental	SW	W
1822	ERZ1738264	SAMN09379829	Belgian Blue	BE	WHOLE
1823	ERZ1738264	SAMN09379830	Charolais	FR	C
1824	ERZ1738264	SAMN09379831	Simmental	SW	W
1825	ERZ1738264	SAMN09379832	Simmental	SW	W
1826	ERZ1738264	SAMN09510408	Holstein	AM	WHOLE
1827	ERZ1738264	SAMN09510409	Holstein	AM	WHOLE
1828	ERZ1738264	SAMN09510410	Holstein	AM	WHOLE
1829	ERZ1738264	SAMN09510411	Holstein	AM	WHOLE
1830	ERZ1738264	SAMN09510423	Norwegian Red	NW	WHOLE
1831	ERZ1738264	SAMN09519603	Holstein	AM	WHOLE
1832	ERZ1738264	SAMN09519604	Holstein	AM	WHOLE
1833	ERZ1738264	SAMN09519605	Holstein	AM	WHOLE
1834	ERZ1738264	SAMN09519606	Holstein	AM	WHOLE
1835	ERZ1738264	SAMN09519607	Holstein	AM	WHOLE
1836	ERZ1738264	SAMN09519608	Holstein	AM	WHOLE
1837	ERZ1738264	SAMN09519609	Holstein	AM	WHOLE
1838	ERZ1738264	SAMN09519610	Holstein	AM	WHOLE
1839	ERZ1738264	SAMN09519611	Holstein	AM	WHOLE
1840	ERZ1738264	SAMN09519612	Holstein	AM	WHOLE
1841	ERZ1738264	SAMN09519613	Holstein	AM	WHOLE
1842	ERZ1738264	SAMN09519614	Holstein	AM	WHOLE
1843	ERZ1738264	SAMN09519615	Holstein	AM	WHOLE
1844	ERZ1738264	SAMN09519616	Holstein	AM	WHOLE
1845	ERZ1738264	SAMN09519617	Holstein	AM	WHOLE
1846	ERZ1738264	SAMN09519618	Holstein	AM	WHOLE
1847	ERZ1738264	SAMN09519619	Holstein	AM	WHOLE
1848	ERZ1738264	SAMN09519620	Holstein	AM	WHOLE
1849	ERZ1738264	SAMN09519621	Holstein	AM	WHOLE
1850	ERZ1738264	SAMN09519622	Holstein	AM	WHOLE
1851	ERZ1738264	SAMN09519623	Holstein	AM	WHOLE
1852	ERZ1738264	SAMN09519624	Holstein	AM	WHOLE
1853	ERZ1738264	SAMN09519625	Holstein	AM	WHOLE
1854	ERZ1738264	SAMN09519626	Holstein	AM	WHOLE
1855	ERZ1738264	SAMN09519627	Holstein	AM	WHOLE
1856	ERZ1738264	SAMN09519629	Holstein	AM	WHOLE
1857	ERZ1738264	SAMN09519630	Holstein	AM	WHOLE
1858	ERZ1738264	SAMN09519631	Holstein	AM	WHOLE
1859	ERZ1738264	SAMN09519632	Holstein	AM	WHOLE
1860	ERZ1738264	SAMN09519633	Holstein	AM	WHOLE
1861	ERZ1738264	SAMN09519634	Holstein	AM	WHOLE
1862	ERZ1738264	SAMN10108008	Holstein	AM	WHOLE
1863	ERZ1738264	SAMN10108011	Holstein	AM	WHOLE
1864	ERZ1738264	SAMN10108012	Holstein	AM	WHOLE
1865	ERZ1738264	SAMN10131223	Tharparkar	PA	WHOLE
1866	ERZ1738264	SAMN10131257	Kangayam	IN	S
1867	ERZ1738264	SAMN10182839	Simmental	SW	W
1868	ERZ1738264	SAMN10486398	Nelore	IN	SE
1869	ERZ1738264	SAMN10486399	Nelore	IN	SE
1870	ERZ1738264	SAMN10486400	Nelore	IN	SE
1871	ERZ1738264	SAMN10486401	Nelore	IN	SE
1872	ERZ1738264	SAMN10598549	Holstein	AM	WHOLE
1873	ERZ1738264	SAMN10598550	Holstein x Hereford	AM	WHOLE
1874	ERZ1738264	SAMN10598551	Holstein x Hereford	AM	WHOLE
1875	ERZ1738264	SAMN10598552	Holstein x Hereford	AM	WHOLE
1876	ERZ1738264	SAMN10598553	Holstein x Hereford	AM	WHOLE
1877	ERZ1738264	SAMN10598554	Holstein x Hereford	AM	WHOLE
1878	ERZ1738264	SAMN10598555	Holstein x Hereford	AM	WHOLE
1879	ERZ1738264	SAMN10598556	Hereford	UK	SW
1880	ERZ1738264	SAMN10598557	Hereford	UK	SW
1881	ERZ1738264	SAMN10598558	Hereford	UK	SW
1882	ERZ1738264	SAMN10598559	Hereford	UK	SW
1883	ERZ1738264	SAMN10598560	Hereford	UK	SW
1884	ERZ1738264	SAMN10598561	Hereford	UK	SW
1885	ERZ1738264	SAMN10598562	Hereford	UK	SW
1886	ERZ1738264	SAMN10598563	Hereford	UK	SW
1887	ERZ1738264	SAMN10598564	Hereford	UK	SW
1888	ERZ1738264	SAMN10598565	Hereford	UK	SW
1889	ERZ1738264	SAMN10598566	Hereford	UK	SW
1890	ERZ1738264	SAMN10598567	Hereford	UK	SW
1891	ERZ1738264	SAMN10598568	Holstein	AM	WHOLE
1892	ERZ1738264	SAMN10598569	Hereford	UK	SW
1893	ERZ1738264	SAMN10598570	Hereford	UK	SW
1894	ERZ1738264	SAMN10598571	Holstein x Hereford	AM	WHOLE
1895	ERZ1738264	SAMN10598572	Holstein x Hereford	AM	WHOLE
1896	ERZ1738264	SAMN10598573	Hereford	UK	SW
1897	ERZ1738264	SAMN10598574	Hereford	UK	SW
1898	ERZ1738264	SAMN10598575	Holstein x Hereford	AM	WHOLE
1899	ERZ1738264	SAMN10598576	Hereford	UK	SW
1900	ERZ1738264	SAMN10693931	Red Angus	SC	WHOLE
1901	ERZ1738264	SAMN10693932	Red Angus	SC	WHOLE
1902	ERZ1738264	SAMN10693933	Red Angus	SC	WHOLE
1903	ERZ1738264	SAMN10693934	Charolais-Red Angus	FRxSC	mixed
1904	ERZ1738264	SAMN10721579	Sayaguesa	SP	NW
1905	ERZ1738264	SAMN10721580	Maronesa	PO	WHOLE
1906	ERZ1738264	SAMN10721581	Limia	SP	NW
1907	ERZ1738264	SAMN10721582	Podolica	IT	S
1908	ERZ1738264	SAMN10721583	Maremmana	IT	C
1909	ERZ1738264	SAMN10721584	Pajuna	SP	S
1910	ERZ1738264	SAMN10721585	Boskarin	CR	NW
1911	ERZ1738264	SAMN11479477	Holstein	AM	WHOLE
1912	ERZ1738264	SAMN11843850	Holstein	AM	WHOLE
1913	ERZ1738264	SAMN12153485	highland	SC	WHOLE
1914	ERZ1738264	SAMN13389915	BelgianBlue/LimousinCross	BExFR	mixed
